station,status,result_hash
TANGER-ASilah-0001,PASSED,5af9f09b067309f8696a629163717e1967937283b3bf461f13710996e2063baf
TANGER-ASilah-0002,PASSED,3c453d16d8bac2f8c008fbe13034144e499c835b6b19b3119b02a6448f24b541
TANGER-ASilah-0003,PASSED,d8092e1e36f883d2327f3aceb9713c30446fa48d37d1ae91d4e8a950dff90a67
TANGER-ASilah-0004,PASSED,94181ccbc1d1325625ddc1e01ee7c3c827464a68a6e3c2eddb8e0b366e3b4355
TANGER-ASilah-0005,PASSED,64479723a28d74aa8490f9ba75883123155fd19456ed16918c4eb287271fb14d
TANGER-ASilah-0006,PASSED,a231c3315ab2558eaa56304380f30d50f8a4704dcce80d5c1525f45e52262c3f
TANGER-ASilah-0007,PASSED,7d9a75d0caade5e2e5a3e205de859acc1c32ab9b50f70d9b21fc957481086f29
TANGER-ASilah-0008,PASSED,9f26a0d0a615c6cc1172b54bbfd0273a294ac5604e5c3ffbd129a8e4cebac2e7
TANGER-ASilah-0009,PASSED,85992fdd21665bcbc4c6f31e23743d2a76a57b152be507becc1f8fcebf3daf1d
TANGER-ASilah-0010,PASSED,480fec04eb99711d8050c2f084f655cebb4ba915451fc08f49f4bc89be4d268a
TANGER-ASilah-0011,PASSED,1735d0a83b2f8c19f5c13e274d88145d77855c921224ae3297b5d88c6704e6fc
TANGER-ASilah-0012,PASSED,ccaed00913c3930df56ff8652299911f1a2c553ffa5fc0d2ddde66a6c85837a9
TANGER-ASilah-0013,PASSED,c5233e3d7014bcd71c195e954c9c9d70ebc2161c40cd8a2a8cdac90d2e93d97e
TANGER-ASilah-0014,PASSED,9d1af4d840d45c88a189404c1e44b2b6bcda8c766ac1320e593dcf4f1a718dcb
TANGER-ASilah-0015,PASSED,2d05f2257efcee10b2bc070b1db6340c87bdb3f91e18ec8ce6dcd04cd4869165
TANGER-ASilah-0016,PASSED,dc85ea030376d031bf7eb058f7c94f967fed483def5234ad5ba8a1fd4b459a8c
TANGER-ASilah-0017,PASSED,a73b39ddea3eacf8d62f02e27d1a1b64a49a19905471b069909b6931600bcc92
TANGER-ASilah-0018,PASSED,403f9311201c64163565fb8ae221c6ede73a9d15cd1b6674b77a3bcf12982fe5
TANGER-ASilah-0019,PASSED,4fc044fb65df2b070f8ede35122186fe8170ecaa9f5255b45115bf489c90f952
TANGER-ASilah-0020,PASSED,55cc88efd9ffddfbf309c1cc1e7462db16d3229457f83dc08650ffeacfc61e46
TANGER-ASilah-0021,PASSED,46a6af703eb6663fc6da26ae1041b0ed8425ed784db18e618efa75f1eb354352
TANGER-ASilah-0022,PASSED,91ff66860e8422d1ed46d0b789db8b9d533ad6797074f4dc0c09411435e4f39c
TANGER-ASilah-0023,PASSED,69d03f8356cfa32038ea1f5bd127adcb7132cf9d2721a90ad8620f11df1e172e
TANGER-ASilah-0024,PASSED,aaa215916c6bce2ffe57087c16c58265dab4e9479db3275c7eae9c7456c4566c
TANGER-ASilah-0025,PASSED,38678190ee9a502e45e36c6f1a6ed88271e7de7d2f06571e667b51ccae541951
TANGER-ASilah-0026,PASSED,6ad02e5d6d696f327d6bb282426745b81a046ee5101fb3b1b79a10319187df1c
TANGER-ASilah-0027,PASSED,24489984bf119d99eb4f81bf961235766a151140024695d0e9d4bf01402261d3
TANGER-ASilah-0028,PASSED,fa32b70c994e7e3488ffdb33877483a22169ef75b972d4366c7a4d34c2f44952
TANGER-ASilah-0029,PASSED,a18b9d7654826a2cf8b089a274e62beac29b3337070e787519029839401bca73
TANGER-ASilah-0030,PASSED,56ba2ec55774bd3b42a9d78304f7ebac6e3574f691c0b8eea7b9d8ca1046dccb
TANGER-ASilah-0031,PASSED,924efac5ef7f2fb4f272ddeb5beee74756525b9013e79ddf24a3b152237a3ee7
TANGER-ASilah-0032,PASSED,c9b3be4baa254e6100c3d01adfcca30e65907f1ff08e274f9b4b015dc5f7867e
TANGER-ASilah-0033,PASSED,7cbd5cd264723838b462d400c73e594d480e38cfab713bf98b51b363a77c0c9e
TANGER-ASilah-0034,PASSED,268d074fc0d5ee4f687cc635d73373deb35e0c54fb49427301b3f28b728cbbd1
TANGER-ASilah-0035,PASSED,77bf981c7ce30bc0fe1d8f8fae0bc1783046f20989cf45c78a682d84016e7a1e
TANGER-ASilah-0036,PASSED,920754d653d7c7a2f694596c19527bf2ab5b1f2f76306d96cc5b9666ff5b2e92
TANGER-ASilah-0037,PASSED,815bfb1f47451aba0d93e7645b4e2b48b6e989ad950f60ce03f4be1573412852
TANGER-ASilah-0038,PASSED,d5b4ee6c25ca2ab99a7a2bd740a5c441717521da275c29be823569c976675467
TANGER-ASilah-0039,PASSED,e3a3361aa0b215228112142379da267345f3366ffd2f6f1bd3454b64e62cf3a1
TANGER-ASilah-0040,PASSED,c3c347e17a9456f7856ac791e44cf4af3968b72ce53fb95f337c43f99cf315cc
TANGER-ASilah-0041,PASSED,cc08b36d02bdb5845458627b6f2e4cd89f2e26466f818187faa967587595c611
TANGER-ASilah-0042,PASSED,d3c745f6141dd5f275282d3fcf603107615438ca89f15e907c01ea8aeeb848e9
TANGER-ASilah-0043,PASSED,b164b8b428671cdb8818a39069c8fd07e17a8be104f58e1ec5e503dc1077eade
TANGER-ASilah-0044,PASSED,5d9edbdf8e1e9a33cf658cb2661058d2ea45d9adf187acae592afb79c6b30053
TANGER-ASilah-0045,PASSED,ee41f7b21b9f8e8fdf2c7a18337e00af4dd83bd88c38e845d43b329ca01d25ab
TANGER-ASilah-0046,PASSED,06a3a0cd40f61eda7ec87303905ed2f5d7fbf1787e89096656cd87ff6b31b0fb
TANGER-ASilah-0047,PASSED,4edb2d1094e5402b73ecbb654238550c0637ee308ddd6bae709ff9e120cd0f03
TANGER-ASilah-0048,PASSED,dddac202b8a73e709b5f82a906aa5c8a82a165ec7b7a5d80c5393afeea61ec22
TANGER-ASilah-0049,PASSED,52d53f5992abca216a9d6cd65302056a74e49ecc739c61f126b91cba05dc821d
TANGER-ASilah-0050,PASSED,558bdcade3943e9c2c97eba6c1282d2b6bfb5e49393421a749d1d3e8ca9a5e30
TANGER-ASilah-0051,PASSED,e9ba8ebb3c8807d6b1269f3aef47b3ff14be06e591066cd290fd8adc367da72a
TANGER-ASilah-0052,PASSED,aa5eaf33350cadb53b741251e85651a3051ab93d5e8ca4a6821daf3fd82aba72
TANGER-ASilah-0053,PASSED,96a6a36e7268cffbc2daa21b71660b00f679d1b7f68777ccf55dd61d4f4ec71a
TANGER-ASilah-0054,PASSED,b0ac2196dd5989a1604b75f978f466a254617084ca4f2defbf0c28aabdf1805e
TANGER-ASilah-0055,PASSED,bd1a8f7ce50b8e0d833ff4b175f29cb66c142689468c4f4feb494ab59804f07a
TANGER-ASilah-0056,PASSED,8e6e1062aa609eba26b8cf9602f15fa701067e54db241601eabac819f8fbceb2
TANGER-ASilah-0057,PASSED,7e65d80455ab391a6fd88ea4997881ca70c39b2f14d31577a92c776587e3d063
TANGER-ASilah-0058,PASSED,db1f28e1d9e084a7da60c9f9fabfcb6b8ed3a24525116773a35c72285162687c
TANGER-ASilah-0059,PASSED,39c3fbafe9221ca53a3e2834f2ce46eb5e7fa619e4f09b429ef7c11a232c0035
TANGER-ASilah-0060,PASSED,ad6170e0bac0a2402ff6a03d2aa05733c3ee8afe2fc651e5fbd213862b7f4099
TANGER-ASilah-0061,PASSED,69e18717d73924a98ef2877922ce10cc5d009fb611d1729fbec22beaa6c94624
TANGER-ASilah-0062,PASSED,4645551a79be22cedbed3dfb217332f5a4304c1f5b787dabb9911007cf616ce1
TANGER-ASilah-0063,PASSED,8b8283cb28e354cad314ec7d2d51cd531e457f20c3f9adc36a0ac2c6f55b47bf
TANGER-ASilah-0064,PASSED,b06a125210fb24dbcaeb36ae0abdee09d03445cb7639a1f2e761f51cc97714f5
TANGER-ASilah-0065,PASSED,51045f18a946c51c35e235ed73a04b1bbbd7c34a4f5e2f8491d7ae1cbb2d174a
TANGER-ASilah-0066,PASSED,33b9efda5a9759f60317f0efcf8c33d4afec64eca5641ac52c5355144242ee51
TANGER-ASilah-0067,PASSED,bdb102db8e7c13bb1db98f25ca6ff35ec91ea42d15e99a5697a9c8c792e37c71
TANGER-ASilah-0068,PASSED,79bd82af9c43cb544acf6997536a64061447655bf25d42fa0a703752aa12ec68
TANGER-ASilah-0069,PASSED,c1fdf49916b1284b3a62aa41b8997609d485ccfefc9fc5acdb81cf801de4572a
TANGER-ASilah-0070,PASSED,27fed6f5f9b2b288d3132ca630cd4614db8ae80738c94197982579e45ef687e0
TANGER-ASilah-0071,PASSED,13967a2fbfc6353bb6413efb387f60515f917e5ff710b31d9005c3c41780608b
TANGER-ASilah-0072,PASSED,75f9044ef74a9ac0941433a14179cab7796dc21741a07651c9971fc74c12f7d7
TANGER-ASilah-0073,PASSED,40a5870556202883298a4e07356493298b5720fd1adaa1f68e8ec623fae3eb7c
TANGER-ASilah-0074,PASSED,b5c87d0ed88f1007a9a29e2269eb81b2f8262070ee6015c27a310b4d6af409bc
TANGER-ASilah-0075,PASSED,dd13e286aefde4a152ca49f3b164b2adf801e7bb6c177321f1419ac48859f65b
TANGER-ASilah-0076,PASSED,79df7051f1d69de262f2b6c7809025ee7619e1a79bea7a09a4a9d8bcf9cc7c29
TANGER-ASilah-0077,PASSED,573b576bea1b474f93d592190304b2432090ea4a6e28c2fd132efb2afa3421bf
TANGER-ASilah-0078,PASSED,8548ca4f99a9ad1539e1970476cf9e7b66f07c1f535b6483d8509d2c2e88e0a5
TANGER-ASilah-0079,PASSED,7811dacbca46ea5592015b55869f44695f68e11af40ad0282879e37082406085
TANGER-ASilah-0080,PASSED,b1266286b5658c288eaf452f1a787b2e0296b4d442aede787d899c400e57e2fd
TANGER-ASilah-0081,PASSED,9469c5860e404e900b80a801effab0dcf21fac1f5fe70a97fa455cc6ee177ceb
TANGER-ASilah-0082,PASSED,42713fe2844431cc3c95a2d94fd14decc75d75c613e101f4a49b4c59f1ae72bc
TANGER-ASilah-0083,PASSED,c26d6cd7fc06c0fe680cd0c7acb5cad132c47a284b6c69da879e02c43d8f0bae
TANGER-ASilah-0084,PASSED,93c13016632d3a8e00f640f4480ce721ecaed4b1f3eb052098e547c3a4ca7fb7
TANGER-ASilah-0085,PASSED,7e5c20643dc0436ac60534d941ba37c20554feddda873ad4e3050907d1c93576
TANGER-ASilah-0086,PASSED,eb9aef1b1ae500632b6cf196b1fcb9ca139e2ac9ed8b25dd1ef2c0279a4bb1af
TANGER-ASilah-0087,PASSED,fdb96b3852ebbbb90959039aa947cc15a8f45482b8b5e27755dbbc514f182d8b
TANGER-ASilah-0088,PASSED,0f2b3022e16cb682b386e240d33c6d5e8e7bd773de2b3b70b2a07dd2e3529a74
TANGER-ASilah-0089,PASSED,49e0c2ec1327e7311d2d081c769c27139c1a46a32d264b150d988b5f4168232d
TANGER-ASilah-0090,PASSED,da6fedbd73187bc5f639dd0ebcc40b39d950993bf6b15f321172f22085889b04
TANGER-ASilah-0091,PASSED,ddc765fb56c94dbecc9d74c4cd16d1842ea5a82717709c3929db5fed895b746d
TANGER-ASilah-0092,PASSED,3b6d361ef2033b817313f76bcd7e5a81447e6d01c5969b4b9007f68b8d7c21f1
TANGER-ASilah-0093,PASSED,27720c9fc0286c160e263a56c5c7b68d8e491c9e95d47372caf094471456ead6
TANGER-ASilah-0094,PASSED,3f30960be068053b0abad85b6f0abc746d0f6b83d4bd531195a5dd944d94c66f
TANGER-ASilah-0095,PASSED,e8f33445c746004c8ce1bb95a38472b53cf6bf3c00a5bbcad9510d8704442cb2
TANGER-ASilah-0096,PASSED,14d843f6589635a94af46f95ec7942f53172294fe0fecfd39876f8e449cedaa5
TANGER-ASilah-0097,PASSED,99c5c90a2a0e6178abc079dc60a77bd3274393209e8c8286c78e3c63fa0ff77a
TANGER-ASilah-0098,PASSED,36a21ba711732d1f7333e103a64bc049d56481703f624de801eed99c7dc8a52e
TANGER-ASilah-0099,PASSED,ca5456fcb02d2d5f7bd73e6a529978faafcced25214debbd0283a011b55ff848
TANGER-ASilah-0100,PASSED,896b0951aa5cbdc4eb4ffbbca956fa5b9ae54c0067462cd116f73e694c52c836
TANGER-ASilah-0101,PASSED,95c6f18a88942347fbf15b1dcc1347fba71b235e321d0ba791f0640385bdd5fe
TANGER-ASilah-0102,PASSED,c09148d1262398cc1a5449852cb96c6e47ff5e76219b98d0fbf7ffcc64a7c88b
TANGER-ASilah-0103,PASSED,2a080b7be345e52619a1e0b154e3f8b810e6b6e3c8f173fac8f2ca3ac58c9c75
TANGER-ASilah-0104,PASSED,63ad546dd8ce39585815068a94433de50df6281bde03d84c1a7adaa6440e85e5
TANGER-ASilah-0105,PASSED,d985680dd293a1edf085acb2e83fd82209adeac80ffa3074eb1c4496e0acf61c
TANGER-ASilah-0106,PASSED,6b7eb86861a9ba00e841cf575344aa1a53c409e3bd18bb12295aafabbedd0943
TANGER-ASilah-0107,PASSED,114a212ac7ed99ce3c34cca910550ebac4c6eaeb32f85da932a711dad46d3b07
TANGER-ASilah-0108,PASSED,e0d7b96deb62cbf3a6ac0a366c6c380e0587f8330dbe4ddb1d2eae1c1b1a1bd7
TANGER-ASilah-0109,PASSED,26d492db36e3dcedec078f60807de234172cc8b408d61f3d82c8e0fa2e96a058
TANGER-ASilah-0110,PASSED,e6ddf832999155213b8ff40adcef1c21161324161a063fcbbb40866174be3b40
TANGER-ASilah-0111,PASSED,0fbdcaa1315522325cc1cad364345190e2f9393084e82d075bb7523c6945eba5
TANGER-ASilah-0112,PASSED,a595a42760f1e2776536b534e7ff5c262a011418b3d193cde3c1214d3e38ddaf
TANGER-ASilah-0113,PASSED,e8bf609c1b3b866c1a45f67893e8748412abb18fd735ef546c10cc956becb7fc
TANGER-ASilah-0114,PASSED,cafaba9e3a626f8fd1def78f311c1b6e010a28e4560927cc1e90c83585db4956
TANGER-ASilah-0115,PASSED,8ab78d8e5f15c72242abb115088f5e184cdf75e41fbe444486bb3ebe257b0be2
TANGER-ASilah-0116,PASSED,5049ec173f87a14cea6db5523da3da1e3ccec3c974274c1f0846566c5ab2599d
TANGER-ASilah-0117,PASSED,a36f68c33d412b95b33e1f6d93d065bac193a7824b28500badecbc569bd103b8
TANGER-ASilah-0118,PASSED,39224a88e352155d308f8a1c9645ea8a7a424007b575f12aa78d8bd9a651390e
TANGER-ASilah-0119,PASSED,f01e665837334219b8646bed01f75be1d6bf6dbb814cd85f568d293d2e86c6d0
TANGER-ASilah-0120,PASSED,6f23910ff4d074416ad8550e49c4606aa297812d2d9ecad6f8ea7b3b6f936a98
TANGER-ASilah-0121,PASSED,1e672949271faedfdcc67d622b1d1b2fd324ac8bacd0c52432a51ba5d5d27d8a
TANGER-ASilah-0122,PASSED,f4eeace8837fa6b5e4acb15072b40c2a88b803f0c116e342781bc9b53ddc5f7b
TANGER-ASilah-0123,PASSED,01228c2a6f746596165d18aed140ee51ac489b24bd0ae6f9faa5933a8dafd08c
TANGER-ASilah-0124,PASSED,ec726150c373fef168e9db5af4bfdcc9a76f1b480844f25f103c311ea09a5715
TANGER-ASilah-0125,PASSED,0e334bec0598ff974d923fac56f0a4934662ac0c1e4fcafa7f55bc809abf1fdf
TANGER-ASilah-0126,PASSED,290b892a23bd6baab3aeddc07e967a9ce1e88b90d9ec8cd4fb44ddddc492826d
TANGER-ASilah-0127,PASSED,3314f00b85a4247a57142df849e7f5eb9745fc6639260ad648bc6c1fbba661bb
TANGER-ASilah-0128,PASSED,cc1987d42c83123d8dbf2dd3c750ccf91b71a42a2cf43a477e6f29e907c11431
TANGER-ASilah-0129,PASSED,7af1f3ad76eb9c8188cc4ee41afbf1cd198ef483e75f96295752a5014d391ad3
TANGER-ASilah-0130,PASSED,b3d532e77111d76c6fdbcbc0abd4eb14a2b63b7501335b10e5cc51ed149cb483
TANGER-ASilah-0131,PASSED,d5b5c052ad73c13cc801bbffebfceef2760d52501ff4c93ed4399a6c44ea07f0
TANGER-ASilah-0132,PASSED,c01c0efc8fbf324fe453670f11849e9b5700a1b3cd582887a50923a19c0c4a45
TANGER-ASilah-0133,PASSED,d99780213569786426032dc81daf85e77c3b40a78bcb45375e4b42fd4b79b3e0
TANGER-ASilah-0134,PASSED,c55b465c768d8a7c14081ca08dd2182f86811d2430c80862302a6a090ee53fc1
TANGER-ASilah-0135,PASSED,b0f62b21714ef57ca54700aed32949872133e32f73aa307a3af799ea808081f6
TANGER-ASilah-0136,PASSED,a4c8ee31af2b55ed7b857f6855a89a75f46f480b11d7445b1b03da853c7b5341
TANGER-ASilah-0137,PASSED,f97340d5af2a6dbfe8671ae964955a72488063b45e88d68052319d623ffceb0a
TANGER-ASilah-0138,PASSED,22247741ea2568cfd46d71bffe9c319ae7c6cf72c0a10bf2b98964ec65ec9192
TANGER-ASilah-0139,PASSED,8ec090b7579760a9ecd110931a61738be6404b64233f843961bb5aefcb2b3208
TANGER-ASilah-0140,PASSED,d0dedaa5db8c97ad0edc6f0b77a40b8d5526652ade90f1ca88a14d1dba1c57c1
TANGER-ASilah-0141,PASSED,29c2b9e42f8cbb590b0184b990faac22d74da53b240a77eedbce41ae0c57173a
TANGER-ASilah-0142,PASSED,bc5251df43d65536b9a39bb56e4292f59463172aa3c27c3672c263dbdaaef16a
TANGER-ASilah-0143,PASSED,94799a45bf86db03aa154ced1cc750a41fd34f6235920795844430745b8eded6
TANGER-ASilah-0144,PASSED,1f6b4e2a2a4dc221cc8b7abd39fd6eb696fc14cb9a1e1ae38c02bbd1561b09f4
TANGER-ASilah-0145,PASSED,40c18d602042639274f1b9b511753fe535acf10cd59d9b09bd40105a35f04fae
TANGER-ASilah-0146,PASSED,aedab53511b24abe66b1e095dc906cb5eb6b817a03ca284dd84e529eed17d078
TANGER-ASilah-0147,PASSED,05e8d6f87f7a39c2e63ed81d794f0ed8b909cc6ff12b110bcd726111f0f53b56
TANGER-ASilah-0148,PASSED,8c928ea697c4db480235ad0009028b7d3f526a8b9cc441711db437e1a1f94397
TANGER-ASilah-0149,PASSED,b9ce2b71af7a248365e5fe1a9b47361c916e08301f1acf20e589af68d60863de
TANGER-ASilah-0150,PASSED,294537a11348d86dab0e8412e56715915221ba47301106e359fdff509239b914
TANGER-ASilah-0151,PASSED,d130fb73534984337c832c0ea78f2a05fcc35fa26efc42fa8948f77d4db9e436
TANGER-ASilah-0152,PASSED,9273bf10d32dae7d1f98edee2c857e2656cd2b013b9159655d789e39ddd18b41
TANGER-ASilah-0153,PASSED,4a0f2fd2cb4c6e3e9d7276edb6cca918443e1ee41ec52b7bf65296b43773b96a
TANGER-ASilah-0154,PASSED,e260f40cd48db55f976dd2f8bf6c801ce3ce7a8c8edc1138d0d0664c5cc7abe1
TANGER-ASilah-0155,PASSED,7359fe018e18c67dda53a3a6cef389f3f4c49348863983da207202532a54f625
TANGER-ASilah-0156,PASSED,0707db7c147b86470a537d32f9e2f3c58b093dc7df3be64d86e8913f44b36d17
TANGER-ASilah-0157,PASSED,16eed0f6039c004f6dd90daae55eb5be3651dea737a8ef57217d39d4f495db91
TANGER-ASilah-0158,PASSED,b9492a828fea359c32199feb188bcbf63cccd4e5ff35c0785d303c41fbf82d09
TANGER-ASilah-0159,PASSED,46be600439b95a7b02be953c7387a1f1f2d1033c3f2a7722cdf4ec9669c809f3
TANGER-ASilah-0160,PASSED,0f1779d6721984aa7665704ca0a0dbf786d698d090ade525db24df44971c9a47
TANGER-ASilah-0161,PASSED,2b1850d76f588e0977efd1fe3c402198628f1616837360399b83b956f66d47f1
TANGER-ASilah-0162,PASSED,e7bd3c8cb93eb48c8461b0b0233a4287e992124ec5e26d15b8aed0881b560c50
TANGER-ASilah-0163,PASSED,3fad88fb817e4cb6194d9d9a262a542ebe82ec456228b85b804c0e613655c7b9
TANGER-ASilah-0164,PASSED,d62c1838088018bf79fcb5569634eb95f68da986b6fd39454dc644a2f1bb64d5
TANGER-ASilah-0165,PASSED,abc78de71e37018393fec5bbe534ae25fd09abfb8d0c13b66b29310541175130
TANGER-ASilah-0166,PASSED,3ea135f83c875b536805b6fb4d68d01fefaeacf52dbe62c4ccde92b2a2b3f738
TANGER-ASilah-0167,PASSED,3216a062486459ca83da091c6049faf66dbcec27952550599e737e94606801cb
TANGER-ASilah-0168,PASSED,61f6dfa8352dacb29ab46bdffb6dcb479de5ba7060f68a53e6783e5b2dde84b1
TANGER-ASilah-0169,PASSED,744e3f93dc9f4b20e5202e9d0d989aea39f4fa650280b3840d802c49a8adfaf1
TANGER-ASilah-0170,PASSED,1b332ee37c09f9f16b339b30fd567fac2147e16a592081099c037dbb01a0f130
TANGER-ASilah-0171,PASSED,70865d98cffe784c2dd57a55863a1cb457928a385ff185acc38d760a0f898742
TANGER-ASilah-0172,PASSED,435cd74763e79942985b7f9f3ebc2a34516f4db708a3f53d3b3b83f266f6f121
TANGER-ASilah-0173,PASSED,9e2bbc1d16d77a5301da4361c0a7f756ded08d4509c347b8248b473797ff6572
TANGER-ASilah-0174,PASSED,f04a4e051b6183b3828d04967755572a851057e963e6d65e679da16ca1c889ae
TANGER-ASilah-0175,PASSED,cd51f4fb89d609c198130f85755233813399454c05986f2abe3f5b84c807bcd7
TANGER-ASilah-0176,PASSED,d18163d169c330607cf6c875b8c4ac3233fbde11340d31987afe966328c15aab
TANGER-ASilah-0177,PASSED,7467f7afef9c0219ff4729f110e504c4c8b244ab24c8fe0958422a9cab9db040
TANGER-ASilah-0178,PASSED,c259b1119f1357a5e9c4afdb1e73bb3fa2114ad7ead57d26be5b2d83aa9e8591
TANGER-ASilah-0179,PASSED,d1710d8b0abf99b9e52918999d03be0ee3b1e627db494477fc1bbc304d3092bf
TANGER-ASilah-0180,PASSED,4049b9e5f919fe10ddaa95ca32e22ea40a82d9f87ba77669a81fa3518e66cd54
TANGER-ASilah-0181,PASSED,90be4e50363ac9f505c936e8d76e2f5e1872bb7f03a42e89bd0e7dbb7ae4dcb8
TANGER-ASilah-0182,PASSED,cae52f4af51041f08d4bf2305cbab84a789e8c85afcc77fbdbb670506892b5f3
TANGER-ASilah-0183,PASSED,5c9273d9a2dd0b47450594d3a69bd5b39e68bfb77bdf6a9f12e1429c6235e381
TANGER-ASilah-0184,PASSED,f1612e878d9d4dc56e994addba52bed18e488df3c46bd8049ef57994c203fc3e
TANGER-ASilah-0185,PASSED,dab27dc9b6f798493d7e989eedc85741e16f30d8ead5a3bced833f24030749e2
TANGER-ASilah-0186,PASSED,4bc121fb459e9d21aad8b77ffa7ced93d7dce0b2656b1c2e7fbbf338f6c9886d
TANGER-ASilah-0187,PASSED,52b164a4ea1d7e8a71bd2fd243e7de3b8a916c359797c623ca7f75b9c54f3719
TANGER-ASilah-0188,PASSED,015c3e56f50bf32e0847f4128261a923400cdf6640893ad1dae9bdba4dcf1cb9
TANGER-ASilah-0189,PASSED,273c91a315e6deb3729179e273d8be47a11237ba189f6122878088ffaa2d262e
TANGER-ASilah-0190,PASSED,b93bd08acef85797c42421e3ed59e72e64bfbd07896e7e5001d1990548406f3a
TANGER-ASilah-0191,PASSED,dd879b79b55fb1403ff7a004cedd013b2c008b2d3cce754ec6144bcd1ed2626a
TANGER-ASilah-0192,PASSED,b54ed2786cdad41e2af7b0fe296bd5bf6406b602edb8bb07a2e94807ee5e1710
TANGER-ASilah-0193,PASSED,c90580adcdd9abd9ca9c2ddb7aa392279f8ccc69d3d16d423ebf1a1c771238a7
TANGER-ASilah-0194,PASSED,acf1b983aec4d6484d60b4e896f1f554eb45d462429447794c8487fd15116d7d
TANGER-ASilah-0195,PASSED,006a0fdbdfba83415bb1c3cf8d5dddb6f3a6329f11cabfce63759aa297b55894
TANGER-ASilah-0196,PASSED,70d2da494d94eb15246170cd7ff2634c58821148d69809d1bf05f19ead6fae4e
TANGER-ASilah-0197,PASSED,314cf9e8fa7d4e82af4e136dceca4d42afdca069fdc4bf99c7713608f0d53d44
TANGER-ASilah-0198,PASSED,08d2deef84eef563899e1de58d7526c85e4a0c915c374db571d245660726f457
TANGER-ASilah-0199,PASSED,1b5906406b593d0e790ea2677c3d82e8f403c6b5d4f535fb906ee4aa4c26d986
TANGER-ASilah-0200,PASSED,94c4d66c4c1cca780f1f268fb30249735126fd739bc4f16c7fd447ba9f48c837
