election,station,device,ballots_issued,counted,invalid,party_a,party_b,party_c,timestamp,firmware_hash,result_hash,signature,audit
2026-L-SIM,TANGER-ASilah-0001,M-001,45,45,0,20,10,15,2026-10-03T23:35:27.249Z,sha256:sim-firmware-v1,5af9f09b067309f8696a629163717e1967937283b3bf461f13710996e2063baf,67a8d77223439b776f714b2a1f0a94f64f708d99e1f5b019ce608b5be23664559e1b45168c058165306400dcf94391ccdef110cf8ba79a17f874a3e55f10c00c,PASSED
2026-L-SIM,TANGER-ASilah-0002,M-002,43,43,0,11,17,15,2026-10-03T23:35:27.277Z,sha256:sim-firmware-v1,3c453d16d8bac2f8c008fbe13034144e499c835b6b19b3119b02a6448f24b541,844688094db5d8371d9125e071092f59634e50a643058dcca8969bde42bfeb66c4a52947391cbf610e7792093a2a2d9021f8087f2b4bbc520bd1355671d8b30d,PASSED
2026-L-SIM,TANGER-ASilah-0003,M-003,44,44,0,12,19,13,2026-10-03T23:35:27.303Z,sha256:sim-firmware-v1,d8092e1e36f883d2327f3aceb9713c30446fa48d37d1ae91d4e8a950dff90a67,1ad3034cf2db84ecf1863ada51bd4d5a0e9c7531977a57c9802f0cce950a6789239490ed5445f666c5627f9343cfeb0a9eeea4ec5723586fb4b93790924ad008,PASSED
2026-L-SIM,TANGER-ASilah-0004,M-004,48,48,0,12,11,25,2026-10-03T23:35:27.333Z,sha256:sim-firmware-v1,94181ccbc1d1325625ddc1e01ee7c3c827464a68a6e3c2eddb8e0b366e3b4355,d3842a3467cb15e0accd6cd7749cef5858404cc0b4e1002c3234341bf6cba7f5de2ec6009790a7f058f0f913dee6333f99ecfcccfb1339c3026be7400d31ae00,PASSED
2026-L-SIM,TANGER-ASilah-0005,M-005,45,45,0,17,15,13,2026-10-03T23:35:27.347Z,sha256:sim-firmware-v1,64479723a28d74aa8490f9ba75883123155fd19456ed16918c4eb287271fb14d,6b7e53ad8a7193bf9c4efd4ae7b59a7aae2e7db93a53b19836f0c510a46d708ebd1b27f06edeae9a2238dd682436a06588726a907cdcec5dbb276115249bba0e,PASSED
2026-L-SIM,TANGER-ASilah-0006,M-006,41,41,0,17,9,15,2026-10-03T23:35:27.358Z,sha256:sim-firmware-v1,a231c3315ab2558eaa56304380f30d50f8a4704dcce80d5c1525f45e52262c3f,29fef876de625e6fb88b5758433ce230882b0809f55af8183a3127398945853d588d47c761b096f277544f80275fc32d60f1072bc3d477ac76c3ae411ff1430d,PASSED
2026-L-SIM,TANGER-ASilah-0007,M-007,42,42,0,15,14,13,2026-10-03T23:35:27.370Z,sha256:sim-firmware-v1,7d9a75d0caade5e2e5a3e205de859acc1c32ab9b50f70d9b21fc957481086f29,d4c21cc83a2731e959de4a43b7f131a3bc8c077b563f6ca9b500ff67c354ffdf649a027595a7ff11eaf9423df263309308ccb8b8928948e107ac801321874d0e,PASSED
2026-L-SIM,TANGER-ASilah-0008,M-008,45,45,0,9,15,21,2026-10-03T23:35:27.381Z,sha256:sim-firmware-v1,9f26a0d0a615c6cc1172b54bbfd0273a294ac5604e5c3ffbd129a8e4cebac2e7,d47d3aedd31829f5347b0eb3a17d8a9f019d39ebd8bdaed2ddc75dfcdc48696488f27f039edc20680aa44e5cd9d59dcf00dce39b53475fcfb38d89b08dd47507,PASSED
2026-L-SIM,TANGER-ASilah-0009,M-009,43,43,0,16,16,11,2026-10-03T23:35:27.393Z,sha256:sim-firmware-v1,85992fdd21665bcbc4c6f31e23743d2a76a57b152be507becc1f8fcebf3daf1d,a8ad8c73feb70c0c4ce9bf008f0b845de69da67f259f4ff1ebc3b8313d9faa88a1b45c260ef9b19db52811d6fd78bea344d964a2f5259148511f464c752f0b0c,PASSED
2026-L-SIM,TANGER-ASilah-0010,M-010,43,43,0,18,15,10,2026-10-03T23:35:27.405Z,sha256:sim-firmware-v1,480fec04eb99711d8050c2f084f655cebb4ba915451fc08f49f4bc89be4d268a,509f614c57bfd43a10bf6bf799f10b8d5eb91684f007fca6df1fdba672fe70c685d49f2eb2c23069a53adb7a0ad819947bef985038e66d962fdd1eabbfb3f600,PASSED
2026-L-SIM,TANGER-ASilah-0011,M-011,44,44,0,13,18,13,2026-10-03T23:35:27.419Z,sha256:sim-firmware-v1,1735d0a83b2f8c19f5c13e274d88145d77855c921224ae3297b5d88c6704e6fc,4fc8d3b6cf6e1bdfe71c04506908ecc600e3dcf7823bda6d220144ddb1e5813527faae5f9fc8b90f5b4cd3c6a444e8824e2238de69d546187b38ddceeede4707,PASSED
2026-L-SIM,TANGER-ASilah-0012,M-012,47,47,0,15,13,19,2026-10-03T23:35:27.430Z,sha256:sim-firmware-v1,ccaed00913c3930df56ff8652299911f1a2c553ffa5fc0d2ddde66a6c85837a9,a52c6c0b8c6c9fcdea8a11b207db7740fa54438f05a8f3cedc05c4e51a0f68acdb5587c3c6e46c85b3dce191b8b374bb30cbc9f3def3cd13fe33f2f5257e9209,PASSED
2026-L-SIM,TANGER-ASilah-0013,M-013,44,44,0,21,9,14,2026-10-03T23:35:27.441Z,sha256:sim-firmware-v1,c5233e3d7014bcd71c195e954c9c9d70ebc2161c40cd8a2a8cdac90d2e93d97e,ee0a9b9c34c595ce417c442b59d0cfe6a1754fe2a0eb49455e224d036f25574d3c4de583d393088af0aeb3e576607031c5832dfaed75029b5dfe765092ba0204,PASSED
2026-L-SIM,TANGER-ASilah-0014,M-014,42,42,0,15,15,12,2026-10-03T23:35:27.452Z,sha256:sim-firmware-v1,9d1af4d840d45c88a189404c1e44b2b6bcda8c766ac1320e593dcf4f1a718dcb,8d77c71e8731b534377bb4fe50508af4cc456d11ca3a7b471fa7c692512b04ac286bfbb5bd4706a6f04486e1fea31e8229699d217329631bef6db7b37b054004,PASSED
2026-L-SIM,TANGER-ASilah-0015,M-015,44,44,0,13,12,19,2026-10-03T23:35:27.460Z,sha256:sim-firmware-v1,2d05f2257efcee10b2bc070b1db6340c87bdb3f91e18ec8ce6dcd04cd4869165,741527e7463a89742479a8fac33d040b0fb52fca67d7f2a00b825321e58fd63dc0fd631f596c1da5593f2aa9880838f11a72cb7f12f480eac34cce9e50d0d909,PASSED
2026-L-SIM,TANGER-ASilah-0016,M-016,45,45,0,15,14,16,2026-10-03T23:35:27.469Z,sha256:sim-firmware-v1,dc85ea030376d031bf7eb058f7c94f967fed483def5234ad5ba8a1fd4b459a8c,f55917b3204133abd467a8adfd6e31877b1710403a59536b38a63aef71463cbd33ba5ddcd398b260fdbfde2480702d0042a9d37f5b1dfd7c3da7767d628d030e,PASSED
2026-L-SIM,TANGER-ASilah-0017,M-017,47,47,0,18,12,17,2026-10-03T23:35:27.479Z,sha256:sim-firmware-v1,a73b39ddea3eacf8d62f02e27d1a1b64a49a19905471b069909b6931600bcc92,c1c8a0d7a8636c775c5a4cc5142ff130f53c37ec1b597a9f33e1acf2c136caa8fbf7101d24a354650d54446e7a098c5fcc6dc5f372d50e4e0f822fc1e3b75803,PASSED
2026-L-SIM,TANGER-ASilah-0018,M-018,44,44,0,18,16,10,2026-10-03T23:35:27.491Z,sha256:sim-firmware-v1,403f9311201c64163565fb8ae221c6ede73a9d15cd1b6674b77a3bcf12982fe5,8c880f11197a5051041f491b5de393e0e3d104da91ec78448af8d3e646fbbf6fc213551a747821b7ebe8aa73d423e5d8c2e9f91cc16a2fbcb89546c55a3eda0d,PASSED
2026-L-SIM,TANGER-ASilah-0019,M-019,44,44,0,14,17,13,2026-10-03T23:35:27.500Z,sha256:sim-firmware-v1,4fc044fb65df2b070f8ede35122186fe8170ecaa9f5255b45115bf489c90f952,554f46b15c77ad2af1b32c90a59aae780f5ce6041e6413e80eac11ada7b0c6204c160526389a8626d7fdd1f6656ebe3123c62e518558cb1d74626041f28a3d08,PASSED
2026-L-SIM,TANGER-ASilah-0020,M-020,45,45,0,12,12,21,2026-10-03T23:35:27.508Z,sha256:sim-firmware-v1,55cc88efd9ffddfbf309c1cc1e7462db16d3229457f83dc08650ffeacfc61e46,aa9c8169dd979ad7931a94b298d351f2def12de16a6451d1b0458edb7ebbe3285260954cdc021a45852e27cd087c3eccefa1004d819cad0492a60cecc0900207,PASSED
2026-L-SIM,TANGER-ASilah-0021,M-021,46,46,0,25,8,13,2026-10-03T23:35:27.517Z,sha256:sim-firmware-v1,46a6af703eb6663fc6da26ae1041b0ed8425ed784db18e618efa75f1eb354352,11d4438ef3e8aee691370648464b9b88179aec1b33027105ea43a92c4c14945499586955d0f77d0713e5e9696f4b8537bf5976de94754e38057737315c707205,PASSED
2026-L-SIM,TANGER-ASilah-0022,M-022,45,45,0,17,11,17,2026-10-03T23:35:27.528Z,sha256:sim-firmware-v1,91ff66860e8422d1ed46d0b789db8b9d533ad6797074f4dc0c09411435e4f39c,a4163045f59075d06acd9d39197b65766f7dbfa026c6a9febad7f54721c757ccebfb76460f93a3987e6d9979bd46286c3ad4610654d99bfe54a542d38eb2a609,PASSED
2026-L-SIM,TANGER-ASilah-0023,M-023,47,47,0,15,9,23,2026-10-03T23:35:27.540Z,sha256:sim-firmware-v1,69d03f8356cfa32038ea1f5bd127adcb7132cf9d2721a90ad8620f11df1e172e,09e01c3b24428b7e00aa9f76ed97921f9d28b3067b149569b7a5557a88b2912f4429e61ef32ec59fb7e9dc950c52042b6eee70670b146bc77213681a257b590b,PASSED
2026-L-SIM,TANGER-ASilah-0024,M-024,45,45,0,16,12,17,2026-10-03T23:35:27.549Z,sha256:sim-firmware-v1,aaa215916c6bce2ffe57087c16c58265dab4e9479db3275c7eae9c7456c4566c,b8a612dfe416a77a65cfc6cd938af8c3855f21ce8b599f64fb037fbf25f567ec168e83c23f179007d7a9f0c329e13fd989d4172b20dda69be9585a7f6a4bad05,PASSED
2026-L-SIM,TANGER-ASilah-0025,M-025,45,45,0,13,15,17,2026-10-03T23:35:27.558Z,sha256:sim-firmware-v1,38678190ee9a502e45e36c6f1a6ed88271e7de7d2f06571e667b51ccae541951,fe3347fa72e6c868a997c1d899f9419983f9a73e98600130a40ad1ed29f206f84e6255cf8ad440ad8b07831e2b9775105abe9e5c7da72f55fcd5cf95d7007302,PASSED
2026-L-SIM,TANGER-ASilah-0026,M-026,48,48,0,14,18,16,2026-10-03T23:35:27.568Z,sha256:sim-firmware-v1,6ad02e5d6d696f327d6bb282426745b81a046ee5101fb3b1b79a10319187df1c,0f0b2cf566d7c74cfbda32b267a3f8ce11cf4748452008a09eb2a8faaf791fbceed151ab84b6b5aa31813cfe3529c6a0d918f8cb95a14d0332b97c6117549906,PASSED
2026-L-SIM,TANGER-ASilah-0027,M-027,44,44,0,28,11,5,2026-10-03T23:35:27.579Z,sha256:sim-firmware-v1,24489984bf119d99eb4f81bf961235766a151140024695d0e9d4bf01402261d3,1493d24aed764aa8fbc06a30646d41527c7ba821b2018422b0184fcfcf0f14343bf548b35d603600b514f24f71087a6d07f832bbac9253b1a5f63ecdbdd6ef0d,PASSED
2026-L-SIM,TANGER-ASilah-0028,M-028,47,47,0,17,15,15,2026-10-03T23:35:27.589Z,sha256:sim-firmware-v1,fa32b70c994e7e3488ffdb33877483a22169ef75b972d4366c7a4d34c2f44952,63d22ee52ca0e7f9b3137891808480bc51601a97560ed08ecab51c0bb869781e3a8d4ca567db55a59ffe80f99571bf7f7eea3ceef40ec30bd1a5acd3ec364e03,PASSED
2026-L-SIM,TANGER-ASilah-0029,M-029,44,44,0,16,15,13,2026-10-03T23:35:27.597Z,sha256:sim-firmware-v1,a18b9d7654826a2cf8b089a274e62beac29b3337070e787519029839401bca73,411be33a28739d1ba33f06b66329356ebe9a5abf395de79192c50146e32c3a2ad409c945d3f021ae9e76504fbef0107690d4704927a7ea97da8a9924c2366b03,PASSED
2026-L-SIM,TANGER-ASilah-0030,M-030,45,45,0,20,12,13,2026-10-03T23:35:27.605Z,sha256:sim-firmware-v1,56ba2ec55774bd3b42a9d78304f7ebac6e3574f691c0b8eea7b9d8ca1046dccb,f7ab7df475772d12fdab2c5149dc5dfd55541ff5891c6cc3caa8d3729af55d3e07f5d8709a16bc4b234719602259c15e0c7636cb9ab3910e4f07f5ded0f43d08,PASSED
2026-L-SIM,TANGER-ASilah-0031,M-031,45,45,0,15,21,9,2026-10-03T23:35:27.618Z,sha256:sim-firmware-v1,924efac5ef7f2fb4f272ddeb5beee74756525b9013e79ddf24a3b152237a3ee7,e48ed036587419a3b5257dc9d188d1a04d4552d07e7202f5b33121cc545b9d2f949b63a132f5ca29aba351e1c062f9cfc218e562f5f1ab5ad72c73ecaf50b105,PASSED
2026-L-SIM,TANGER-ASilah-0032,M-032,44,44,0,16,13,15,2026-10-03T23:35:27.628Z,sha256:sim-firmware-v1,c9b3be4baa254e6100c3d01adfcca30e65907f1ff08e274f9b4b015dc5f7867e,b851c3d516a2b8ce95d8a1e25b759eb202985dbf9c1efd8a80b36ffe043f8e5ed7edc54f37a460360015234a866869d9bf00c75fd37670e959f64a254670560c,PASSED
2026-L-SIM,TANGER-ASilah-0033,M-033,44,44,0,15,15,14,2026-10-03T23:35:27.650Z,sha256:sim-firmware-v1,7cbd5cd264723838b462d400c73e594d480e38cfab713bf98b51b363a77c0c9e,5718c5492407db612a264bdf4b8c187656ae2936c8530a3342f5920f39406823771db6c41821c68141b7caf31a374df0e51a0a4db87ba937b8c3f579c8613402,PASSED
2026-L-SIM,TANGER-ASilah-0034,M-034,46,46,0,14,15,17,2026-10-03T23:35:27.662Z,sha256:sim-firmware-v1,268d074fc0d5ee4f687cc635d73373deb35e0c54fb49427301b3f28b728cbbd1,35870c65c4262481350e86e9a49f1fea67b064c52dd282fd21bd82892e201636228cc32f1f9e320b68ea19f34a20c60ac1a1843225ba720d3c1f28dedb4b4201,PASSED
2026-L-SIM,TANGER-ASilah-0035,M-035,45,45,0,15,12,18,2026-10-03T23:35:27.671Z,sha256:sim-firmware-v1,77bf981c7ce30bc0fe1d8f8fae0bc1783046f20989cf45c78a682d84016e7a1e,ecd912eefbfd1084a5d01263270226b9fae0d203988b50277021fd876caabea49f69345d15649da8ea5f26c2eda84fb1d23a5054b8cbe0e0826691d7e5783707,PASSED
2026-L-SIM,TANGER-ASilah-0036,M-036,46,46,0,11,25,10,2026-10-03T23:35:27.680Z,sha256:sim-firmware-v1,920754d653d7c7a2f694596c19527bf2ab5b1f2f76306d96cc5b9666ff5b2e92,1c3f5e968e10ada4cdca20b81fc9811932007077cf1b442aee4bdd22b358ff8693269e9f5439043c64470dee90484c7b59382894147d3f59ece2fda8cb875e06,PASSED
2026-L-SIM,TANGER-ASilah-0037,M-037,43,43,0,12,12,19,2026-10-03T23:35:27.688Z,sha256:sim-firmware-v1,815bfb1f47451aba0d93e7645b4e2b48b6e989ad950f60ce03f4be1573412852,638a374662c1981027936397c73f93a9f31a686875c36b8cb33c85c484d43056c863b07ec4d0894cdda574eefcac8af62006bc2da0a086726153f100443d3404,PASSED
2026-L-SIM,TANGER-ASilah-0038,M-038,48,48,0,14,11,23,2026-10-03T23:35:27.701Z,sha256:sim-firmware-v1,d5b4ee6c25ca2ab99a7a2bd740a5c441717521da275c29be823569c976675467,4a86001cc4a033b88f7af60accfdb91240667bb9490baede2a75526ceb7023a225ad6847654a18239999a6d029e80ce0e1d897badf1e9341b14b1d3bcbf00803,PASSED
2026-L-SIM,TANGER-ASilah-0039,M-039,46,46,0,12,10,24,2026-10-03T23:35:27.711Z,sha256:sim-firmware-v1,e3a3361aa0b215228112142379da267345f3366ffd2f6f1bd3454b64e62cf3a1,0d6d83f529307ca610bc2f025688e44f94e921f5ac6890dfb7c8b3fa68c950237f2101c61cf14042f91e70a3e0d0f908daffceb25f5899d044cf52f061176f03,PASSED
2026-L-SIM,TANGER-ASilah-0040,M-040,46,46,0,19,12,15,2026-10-03T23:35:27.722Z,sha256:sim-firmware-v1,c3c347e17a9456f7856ac791e44cf4af3968b72ce53fb95f337c43f99cf315cc,c6d35023934c7fd8b9cef318895670f982239546202c5474f2f91ca5d1474af80c41226442f3255afc3ab6f664ed8f2d313a12451fdc0b80e2acc61cb8039806,PASSED
2026-L-SIM,TANGER-ASilah-0041,M-041,46,46,0,19,15,12,2026-10-03T23:35:27.731Z,sha256:sim-firmware-v1,cc08b36d02bdb5845458627b6f2e4cd89f2e26466f818187faa967587595c611,a3aa2ae3333fe2c4cf3f03e098a2876c2d130a92d91d3c23b042ac7ef1746f3e6ae83eadda6e840d60994afc71e1a642be0fbe0102528133eb693fd41d274209,PASSED
2026-L-SIM,TANGER-ASilah-0042,M-042,49,49,0,8,19,22,2026-10-03T23:35:27.743Z,sha256:sim-firmware-v1,d3c745f6141dd5f275282d3fcf603107615438ca89f15e907c01ea8aeeb848e9,a00f6cab6d3a75b2524d421f0c2d59451840883af516292e8d29ec547e562dd3d255c78e2d06751c6509d31b3771593c5fc51ede8577480ade25b42ad7100605,PASSED
2026-L-SIM,TANGER-ASilah-0043,M-043,42,42,0,12,15,15,2026-10-03T23:35:27.752Z,sha256:sim-firmware-v1,b164b8b428671cdb8818a39069c8fd07e17a8be104f58e1ec5e503dc1077eade,309ec0b32f06d43bd9735cbe51a164917b6e07381d8dcd01787b2c08313b6b1d51a4e241af1dbe21bbde3ff15e8294303e6c0a5ef21caddcd0af2793c6210400,PASSED
2026-L-SIM,TANGER-ASilah-0044,M-044,45,45,0,15,16,14,2026-10-03T23:35:27.761Z,sha256:sim-firmware-v1,5d9edbdf8e1e9a33cf658cb2661058d2ea45d9adf187acae592afb79c6b30053,01a24a4cf6d92a3a2492ee25a41f378be4b7a3bbf91e6af2c4c4ad56ab44d44e909fd6295a8bc9e3fc61bb5b38e39585577b4c028caee477daef7746cecb3d07,PASSED
2026-L-SIM,TANGER-ASilah-0045,M-045,41,41,0,12,13,16,2026-10-03T23:35:27.769Z,sha256:sim-firmware-v1,ee41f7b21b9f8e8fdf2c7a18337e00af4dd83bd88c38e845d43b329ca01d25ab,641f53f480ebcf56062048f37ef05e3388b11d8ea35770c147d65c08c3d46bac039ee6eb0fe485047873fd22d503b2660b3302786f810ebd608cb74cf078860c,PASSED
2026-L-SIM,TANGER-ASilah-0046,M-046,47,47,0,15,16,16,2026-10-03T23:35:27.782Z,sha256:sim-firmware-v1,06a3a0cd40f61eda7ec87303905ed2f5d7fbf1787e89096656cd87ff6b31b0fb,425a740701cfbf805c475c59ee6f7bffd36277e38bb79f31035847a6209644096e5b7c5cb83498be126e70b9937ad0bf7056d2cb4a488ca7f82e1fb66628d90e,PASSED
2026-L-SIM,TANGER-ASilah-0047,M-047,46,46,0,18,13,15,2026-10-03T23:35:27.791Z,sha256:sim-firmware-v1,4edb2d1094e5402b73ecbb654238550c0637ee308ddd6bae709ff9e120cd0f03,326686fbcd0df62ac38c0d5612fad8c70da183877d30a2c8c62553f04e662b3c155e89427b7c52386b4d8b2750578b3bee43607ff3d123f5ad1ee6d0a61b4805,PASSED
2026-L-SIM,TANGER-ASilah-0048,M-048,43,43,0,14,19,10,2026-10-03T23:35:27.800Z,sha256:sim-firmware-v1,dddac202b8a73e709b5f82a906aa5c8a82a165ec7b7a5d80c5393afeea61ec22,45c999e1e0c271efebf77af3289098d447e05ba95146e81b5be980d075226d56143e8aeb8a027ba9f8ba542fc881efa53a8d641b3b95ee2d040a59efe461070f,PASSED
2026-L-SIM,TANGER-ASilah-0049,M-049,42,42,0,16,11,15,2026-10-03T23:35:27.811Z,sha256:sim-firmware-v1,52d53f5992abca216a9d6cd65302056a74e49ecc739c61f126b91cba05dc821d,441c3d29a44ed2934e39a6adce52d2f302c7ae8671fa31663883184b6d943696d99578dfeab12291d7fbf3bae44671175a4495d6873d2576b27fade3f434fe00,PASSED
2026-L-SIM,TANGER-ASilah-0050,M-050,44,44,0,15,15,14,2026-10-03T23:35:27.823Z,sha256:sim-firmware-v1,558bdcade3943e9c2c97eba6c1282d2b6bfb5e49393421a749d1d3e8ca9a5e30,2e2ba412bc8b8cbbd84bc7623491ad4acce6339508c015765de98bb7619cd44421edb5580c7792341034a8f788d0a649a8ba7f4009f4cb9e521e12908fd7020e,PASSED
2026-L-SIM,TANGER-ASilah-0051,M-051,45,45,0,15,11,19,2026-10-03T23:35:27.831Z,sha256:sim-firmware-v1,e9ba8ebb3c8807d6b1269f3aef47b3ff14be06e591066cd290fd8adc367da72a,435639d67c39ba66f88b86da7f4e19ac0adbea2c21f11730accb66246b60e46eb1fbf85c63397e5ab999c02d8095098cda316abf0657f4544f2067a499684e09,PASSED
2026-L-SIM,TANGER-ASilah-0052,M-052,47,47,0,11,13,23,2026-10-03T23:35:27.840Z,sha256:sim-firmware-v1,aa5eaf33350cadb53b741251e85651a3051ab93d5e8ca4a6821daf3fd82aba72,f3711f1cb598117e56f6d8103280cb96aa58933f5276a77d8509d3a3b8cb22c6e0b12c335754da8245c7905d4996f853f40f1487c1fbc669c7f7e741c769de00,PASSED
2026-L-SIM,TANGER-ASilah-0053,M-053,46,46,0,17,16,13,2026-10-03T23:35:27.849Z,sha256:sim-firmware-v1,96a6a36e7268cffbc2daa21b71660b00f679d1b7f68777ccf55dd61d4f4ec71a,ffd063d28a55e18a7559aad4353a62fb38f2363c9e80ee38e49e393c0eaf5e4e792727b2cec28ec49448439c00ba73a4985e193e6ad3a0ced45d3d4afcd1d30e,PASSED
2026-L-SIM,TANGER-ASilah-0054,M-054,48,48,0,16,14,18,2026-10-03T23:35:27.861Z,sha256:sim-firmware-v1,b0ac2196dd5989a1604b75f978f466a254617084ca4f2defbf0c28aabdf1805e,4628d979dd7a759c4dd47a2eb0b512f1ee259491090d750fbececb47bac0a427bfc420598050941a54244ed945a9b4387007fbef66d2650b22bcb3b588c5d60d,PASSED
2026-L-SIM,TANGER-ASilah-0055,M-055,42,42,0,18,13,11,2026-10-03T23:35:27.869Z,sha256:sim-firmware-v1,bd1a8f7ce50b8e0d833ff4b175f29cb66c142689468c4f4feb494ab59804f07a,5d1406f636cf20b4577604c16283f9cc6e9d7ab8dbdbf30b3f9dc186ed0e2c67e264bc8168cd4abcb3dbc21eaeb0a94d8244a02133b9fdc5efa90d2a2137d70c,PASSED
2026-L-SIM,TANGER-ASilah-0056,M-056,44,44,0,14,14,16,2026-10-03T23:35:27.877Z,sha256:sim-firmware-v1,8e6e1062aa609eba26b8cf9602f15fa701067e54db241601eabac819f8fbceb2,4ce998f37e935e8d41cddd94649a67e7cc5c75f7d4f664530b178fb7384e871f753b037549918f5a9fe766f3dd9fbd1c0048bf99d5df8ca9189df8a8ccf36a00,PASSED
2026-L-SIM,TANGER-ASilah-0057,M-057,44,44,0,12,17,15,2026-10-03T23:35:27.886Z,sha256:sim-firmware-v1,7e65d80455ab391a6fd88ea4997881ca70c39b2f14d31577a92c776587e3d063,9723981619c4499d74481b519526197821e73f0e350ddbf20c48714e42e035e7dff7fb5e72f2c4c25613d835d0f9a25ab5adb158ceb17977c8a450b87a30e509,PASSED
2026-L-SIM,TANGER-ASilah-0058,M-058,43,43,0,16,17,10,2026-10-03T23:35:27.900Z,sha256:sim-firmware-v1,db1f28e1d9e084a7da60c9f9fabfcb6b8ed3a24525116773a35c72285162687c,034d87514f03b7375be5817d52b692dbb142815f1a2cee3f86e94b8e9fba394d666fc717987809e152bcbc95f2daee0ce8de65e45ade7f41b5997e0b5999be08,PASSED
2026-L-SIM,TANGER-ASilah-0059,M-059,48,48,0,18,13,17,2026-10-03T23:35:27.911Z,sha256:sim-firmware-v1,39c3fbafe9221ca53a3e2834f2ce46eb5e7fa619e4f09b429ef7c11a232c0035,d6db39b70ce41fb644180d0f59d71753a7393c3045a984048a8b14e00218389b9b2d91ac9951e963cf35d8d7560294d41643cc02321bb30aaba3bd41126cb809,PASSED
2026-L-SIM,TANGER-ASilah-0060,M-060,49,49,0,13,14,22,2026-10-03T23:35:27.919Z,sha256:sim-firmware-v1,ad6170e0bac0a2402ff6a03d2aa05733c3ee8afe2fc651e5fbd213862b7f4099,7a6ffaa571decbe749dc2c72bce8d440077cf4ba58624a07cebca8b6aa2937a0d348f8d54bb4fc514ddfeacb42dc1576496f469df7a71eb685987c63e9298d0f,PASSED
2026-L-SIM,TANGER-ASilah-0061,M-061,46,46,0,18,13,15,2026-10-03T23:35:27.928Z,sha256:sim-firmware-v1,69e18717d73924a98ef2877922ce10cc5d009fb611d1729fbec22beaa6c94624,63ba23256a65e36e40fcd617ec05748d89419290638188256cd2c2f1e9a0af20d6c89226066fb4b7efe8d50a46622b827b06ede83b3c0249d6a6b68303059d02,PASSED
2026-L-SIM,TANGER-ASilah-0062,M-062,44,44,0,17,13,14,2026-10-03T23:35:27.939Z,sha256:sim-firmware-v1,4645551a79be22cedbed3dfb217332f5a4304c1f5b787dabb9911007cf616ce1,40ac6c54eb5b021f02b608f0c4cab3d2c0c43469add43023166358a58c969d0eef44ad5eb9de8c928f9bd3263296908316901c70e566777ac24dbfc9654a1c0f,PASSED
2026-L-SIM,TANGER-ASilah-0063,M-063,46,46,0,18,14,14,2026-10-03T23:35:27.948Z,sha256:sim-firmware-v1,8b8283cb28e354cad314ec7d2d51cd531e457f20c3f9adc36a0ac2c6f55b47bf,ec241c419329ab99cb16f63f4677e5b9e9dd6698712ef24482754db24e892263f0031c7793394b16bbf87c49f70353587590a6fd649700161d0d41e76e076300,PASSED
2026-L-SIM,TANGER-ASilah-0064,M-064,48,48,0,16,16,16,2026-10-03T23:35:27.956Z,sha256:sim-firmware-v1,b06a125210fb24dbcaeb36ae0abdee09d03445cb7639a1f2e761f51cc97714f5,eb3fca084e766eaf1eacf0637806e612b86447c528ee5c5cdedfcc29f2796b4354284e00cfea4785e9626c318430488a00c3b4bdf08c17ad8648ea3373376d0d,PASSED
2026-L-SIM,TANGER-ASilah-0065,M-065,42,42,0,15,17,10,2026-10-03T23:35:27.963Z,sha256:sim-firmware-v1,51045f18a946c51c35e235ed73a04b1bbbd7c34a4f5e2f8491d7ae1cbb2d174a,6b02c10f198326db980ea3421c413fa8a63e0b948fc86b4ea58be6a03f594898a66f04e7f90a1aeb1d83ae72bbeb7ee1baa4575b93766a92e9b87255efc7bd0b,PASSED
2026-L-SIM,TANGER-ASilah-0066,M-066,49,49,0,10,20,19,2026-10-03T23:35:27.971Z,sha256:sim-firmware-v1,33b9efda5a9759f60317f0efcf8c33d4afec64eca5641ac52c5355144242ee51,e8694925750065ba819e08b4b41be206556276f348e1dd24dd87b190210d1f1bf0119de6cdaca76eee1d545bb640d1e092b5148cea7ccde5dbe7c40b4fdc2d0e,PASSED
2026-L-SIM,TANGER-ASilah-0067,M-067,39,39,0,10,14,15,2026-10-03T23:35:27.982Z,sha256:sim-firmware-v1,bdb102db8e7c13bb1db98f25ca6ff35ec91ea42d15e99a5697a9c8c792e37c71,195d21326775aa9fc7666b2a73485d8611126d21bb0af67a61165470ed7fdedfe959c74593bfcfd7c54f1844468164ba10126e8b46ba99dcd5c3f48e1d696f04,PASSED
2026-L-SIM,TANGER-ASilah-0068,M-068,45,45,0,14,14,17,2026-10-03T23:35:27.992Z,sha256:sim-firmware-v1,79bd82af9c43cb544acf6997536a64061447655bf25d42fa0a703752aa12ec68,28caf4b47cc9cffbbd45d69411fa5cbc00d5c87a6871f36230858a5464f726c00828594252181a5527ee5083fc9245b31905eda5e3d0028c7aa8347207531e09,PASSED
2026-L-SIM,TANGER-ASilah-0069,M-069,46,46,0,11,18,17,2026-10-03T23:35:28.000Z,sha256:sim-firmware-v1,c1fdf49916b1284b3a62aa41b8997609d485ccfefc9fc5acdb81cf801de4572a,1b25c465f006e817addcd1e8b9f4cf466ed9ce90580a552c6fe58d016c376c682e4670191731f8c731b8ae196655086096cc8f39c778edcdbfd2623196e1d208,PASSED
2026-L-SIM,TANGER-ASilah-0070,M-070,48,48,0,22,15,11,2026-10-03T23:35:28.009Z,sha256:sim-firmware-v1,27fed6f5f9b2b288d3132ca630cd4614db8ae80738c94197982579e45ef687e0,f1a85772f5bf2ad3c96c533fa89666bf92b9915e6d2cbce54a0658772e01531103baa20cb665eccdcd54e53f8d885ee5612e04fd7e834973f1a3ea6beca9d903,PASSED
2026-L-SIM,TANGER-ASilah-0071,M-071,41,41,0,16,14,11,2026-10-03T23:35:28.020Z,sha256:sim-firmware-v1,13967a2fbfc6353bb6413efb387f60515f917e5ff710b31d9005c3c41780608b,82c468444211efedc6a142c2c5a18d95d728b5c550985de19e2ff309803232b1535c619e4f3d54c7c5d42be9982a9324205c3c47ec9e87681c52917891fd6c02,PASSED
2026-L-SIM,TANGER-ASilah-0072,M-072,43,43,0,18,12,13,2026-10-03T23:35:28.029Z,sha256:sim-firmware-v1,75f9044ef74a9ac0941433a14179cab7796dc21741a07651c9971fc74c12f7d7,91db968e4f081f27941d9755e352b469cd3dddb75c87fcd94729bdb0d8d45d5ed4007e4adbece2ea8bdbbd04a6b6a65048b1a5fe7896000d1249e52cd2765505,PASSED
2026-L-SIM,TANGER-ASilah-0073,M-073,42,42,0,17,14,11,2026-10-03T23:35:28.036Z,sha256:sim-firmware-v1,40a5870556202883298a4e07356493298b5720fd1adaa1f68e8ec623fae3eb7c,f0f91f0b13d569ea304c2782e129474e28be5b5646e7a38521ad57c5614120ff661ac419fab365b9a102846b81fe99b541d01788c4c0b61f1c3e77a344d1e30b,PASSED
2026-L-SIM,TANGER-ASilah-0074,M-074,46,46,0,16,12,18,2026-10-03T23:35:28.044Z,sha256:sim-firmware-v1,b5c87d0ed88f1007a9a29e2269eb81b2f8262070ee6015c27a310b4d6af409bc,56555267b4d42828bcd07f9cda3381c19a1f6d2ac1b1b70e9b218a36e40c96371a0897ac0be44d615a25bd40f2b27747dbf2a2ab042685ac9eaf390babee9d09,PASSED
2026-L-SIM,TANGER-ASilah-0075,M-075,47,47,0,13,21,13,2026-10-03T23:35:28.052Z,sha256:sim-firmware-v1,dd13e286aefde4a152ca49f3b164b2adf801e7bb6c177321f1419ac48859f65b,ff74a5df647fee682c0f12aff7a37d564474f7223ea746632afcd0389855cbb032dce7a3289d8344c10783973111f0d2ca989704b3ed6fd1c6deb4d27ce47006,PASSED
2026-L-SIM,TANGER-ASilah-0076,M-076,46,46,0,13,24,9,2026-10-03T23:35:28.063Z,sha256:sim-firmware-v1,79df7051f1d69de262f2b6c7809025ee7619e1a79bea7a09a4a9d8bcf9cc7c29,5649db1b6f935b37c622f186f26179f128df37c2c7f4cf0baf671d5c38d8a9227cfe889531945269b0aaf3143165a9a66ffa21a0eaea9026d58f36cd484c7203,PASSED
2026-L-SIM,TANGER-ASilah-0077,M-077,45,45,0,19,14,12,2026-10-03T23:35:28.071Z,sha256:sim-firmware-v1,573b576bea1b474f93d592190304b2432090ea4a6e28c2fd132efb2afa3421bf,2e962c1806475a88315b01485f428d176850a8e30c7ba67f7b2f77440db03054dc29e639d8774b0285c69a87e66801c8a020c74f2a7b2819cc50ae8575020d04,PASSED
2026-L-SIM,TANGER-ASilah-0078,M-078,46,46,0,17,11,18,2026-10-03T23:35:28.078Z,sha256:sim-firmware-v1,8548ca4f99a9ad1539e1970476cf9e7b66f07c1f535b6483d8509d2c2e88e0a5,11f17c3f62ef185f90f6c88e4705d227a380e80ce562927d686d2db0ed368cbe5722881844f4022c1b89eca10d3af69edfabab17c88866995773496eaafca10a,PASSED
2026-L-SIM,TANGER-ASilah-0079,M-079,46,46,0,16,18,12,2026-10-03T23:35:28.089Z,sha256:sim-firmware-v1,7811dacbca46ea5592015b55869f44695f68e11af40ad0282879e37082406085,0db482a5c128423a55383e3d1cc8c274f468a0a1dda8b32ab499c0f2a7883eb5ea6d7c971623ba4edccb4e528a444a5866dfb3a3165d3519b816edabbc5aa304,PASSED
2026-L-SIM,TANGER-ASilah-0080,M-080,46,46,0,16,13,17,2026-10-03T23:35:28.100Z,sha256:sim-firmware-v1,b1266286b5658c288eaf452f1a787b2e0296b4d442aede787d899c400e57e2fd,ad61fca6cc71bb21b751632004ce5b568cda7df44812b2cf136452b7e5fbaebf31af6d63ff1a03b745dcb13bd6001675df03dbd0e3ff73332dbf202cac060009,PASSED
2026-L-SIM,TANGER-ASilah-0081,M-081,45,45,0,15,20,10,2026-10-03T23:35:28.108Z,sha256:sim-firmware-v1,9469c5860e404e900b80a801effab0dcf21fac1f5fe70a97fa455cc6ee177ceb,0210309e81fb8658887663d0969267f800de19a92022f42b96672945fe266066145c570646f0798776dd8cbee7da207d01516ff09b5f22f7634aa9dfd6f30d02,PASSED
2026-L-SIM,TANGER-ASilah-0082,M-082,43,43,0,16,16,11,2026-10-03T23:35:28.116Z,sha256:sim-firmware-v1,42713fe2844431cc3c95a2d94fd14decc75d75c613e101f4a49b4c59f1ae72bc,10b00700622af21f13576f4ba7d5a0ea6e607ab8a8f26207f98a3cd98e01b1c7f0e651b30371184373f8374a746a2fb51d50dc12469356f188895c8390e49403,PASSED
2026-L-SIM,TANGER-ASilah-0083,M-083,48,48,0,21,14,13,2026-10-03T23:35:28.123Z,sha256:sim-firmware-v1,c26d6cd7fc06c0fe680cd0c7acb5cad132c47a284b6c69da879e02c43d8f0bae,704ded580202b6ad16818530c85de8fbdf6fdeeeb0de8253f69447ab24b7d04de5f8dbd0b808429b6a6b8a3c92560732b98aa5a8e604cd2cca859422875de70b,PASSED
2026-L-SIM,TANGER-ASilah-0084,M-084,47,47,0,14,18,15,2026-10-03T23:35:28.130Z,sha256:sim-firmware-v1,93c13016632d3a8e00f640f4480ce721ecaed4b1f3eb052098e547c3a4ca7fb7,55cae3257b5a7fbcad28274d7701b6f712fcc39652546a3ea851cb478f975255ac3154f1a929135c9c909b130cbd4717a9de8474ee183d90e9366f374df4d305,PASSED
2026-L-SIM,TANGER-ASilah-0085,M-085,44,44,0,13,19,12,2026-10-03T23:35:28.142Z,sha256:sim-firmware-v1,7e5c20643dc0436ac60534d941ba37c20554feddda873ad4e3050907d1c93576,96a7251ca2bf41589f979f54bfcb942adbacb5424af8f1dd482b8c8e4bd7db797322c87ae8a91c565f50666474642c6ab1f566d177b9c1a520c39db214c8910f,PASSED
2026-L-SIM,TANGER-ASilah-0086,M-086,43,43,0,17,13,13,2026-10-03T23:35:28.150Z,sha256:sim-firmware-v1,eb9aef1b1ae500632b6cf196b1fcb9ca139e2ac9ed8b25dd1ef2c0279a4bb1af,7b849e2d93dc17d27cbf13857c9594443eb8e0e5982b24142464375467ec20d71a39855de1e5c50590d31593bec4aa1a163bc48a589de8418d0f2e755ba1f306,PASSED
2026-L-SIM,TANGER-ASilah-0087,M-087,43,43,0,11,15,17,2026-10-03T23:35:28.158Z,sha256:sim-firmware-v1,fdb96b3852ebbbb90959039aa947cc15a8f45482b8b5e27755dbbc514f182d8b,6abb6757248342c5fe851ceb3ba5d89d8b35a8991086e8dfc208fb4f0978c580ccd3c71c2afb9dee4f2a5d34f12226acce4613ffdb5553a34480dc80cdf66a00,PASSED
2026-L-SIM,TANGER-ASilah-0088,M-088,41,41,0,13,15,13,2026-10-03T23:35:28.165Z,sha256:sim-firmware-v1,0f2b3022e16cb682b386e240d33c6d5e8e7bd773de2b3b70b2a07dd2e3529a74,697f417c442a5c2423a2cfc7bbbf49dfb7b48df0719cc63fbd4c4733d32e85ca09acf34f95a830711611abc125ea12e409875e8fcab8f526768249b6c49a1f01,PASSED
2026-L-SIM,TANGER-ASilah-0089,M-089,47,47,0,18,13,16,2026-10-03T23:35:28.173Z,sha256:sim-firmware-v1,49e0c2ec1327e7311d2d081c769c27139c1a46a32d264b150d988b5f4168232d,b564727f42e9008f99f7f4f46398f0b6e1c5850cf6fa23815cce4356c95eaddf9af673dca1fa9366271de358e2d8667eea40e006aaabfb3fe39689553b61a602,PASSED
2026-L-SIM,TANGER-ASilah-0090,M-090,44,44,0,11,16,17,2026-10-03T23:35:28.189Z,sha256:sim-firmware-v1,da6fedbd73187bc5f639dd0ebcc40b39d950993bf6b15f321172f22085889b04,4857d8e15ed57a63ba90d99b0eb0be3a87b2eca9ee62254b67c065d86f9e63c25a9046b8af067d63301e6b042076122acf4057a769b9ccea5af21abbb2882e04,PASSED
2026-L-SIM,TANGER-ASilah-0091,M-091,44,44,0,11,14,19,2026-10-03T23:35:28.196Z,sha256:sim-firmware-v1,ddc765fb56c94dbecc9d74c4cd16d1842ea5a82717709c3929db5fed895b746d,39121ed5711faa4f630f2600c6ccd9c6f4311a72f259923ca436d12a28b747d2edecea8fd38a0a9672c29f33c71ec20a1bfd6f597890159de3d4990cdb3ae709,PASSED
2026-L-SIM,TANGER-ASilah-0092,M-092,48,48,0,15,14,19,2026-10-03T23:35:28.204Z,sha256:sim-firmware-v1,3b6d361ef2033b817313f76bcd7e5a81447e6d01c5969b4b9007f68b8d7c21f1,1f185a40a9b9f164adb428ee9e75cbf7159baf5df24c0d5a5d13b268a095d0e0fdc5d7c90bd73d6c96bcd797652c741f6cd99ad8f3da0b5caafd9923fa390102,PASSED
2026-L-SIM,TANGER-ASilah-0093,M-093,47,47,0,17,12,18,2026-10-03T23:35:28.212Z,sha256:sim-firmware-v1,27720c9fc0286c160e263a56c5c7b68d8e491c9e95d47372caf094471456ead6,85b1fd578d62409adfc5deeb1e0f8cbe300867129a7a09c66828b127814fb8357fd3d76f962f1b3a5715ff4d381537cf27713316e46055bb4620f39460b1ca03,PASSED
2026-L-SIM,TANGER-ASilah-0094,M-094,44,44,0,13,15,16,2026-10-03T23:35:28.222Z,sha256:sim-firmware-v1,3f30960be068053b0abad85b6f0abc746d0f6b83d4bd531195a5dd944d94c66f,7485efec0b4ea546bd255126321db49c967133396267667c5ad57f120c0fc5611927a98c540556cf5f8b8212dd933c917fe251148647f4f77a5a5343c30e6c03,PASSED
2026-L-SIM,TANGER-ASilah-0095,M-095,44,44,0,14,12,18,2026-10-03T23:35:28.229Z,sha256:sim-firmware-v1,e8f33445c746004c8ce1bb95a38472b53cf6bf3c00a5bbcad9510d8704442cb2,2fb23f6313a08b7647e908ba416aba9ec3f5c43b71e05b259331a2bb933a23f9cd2af18e7e343baf1f87c32036203f2ceb15eb5f8b4361f21582f7e68159fc0f,PASSED
2026-L-SIM,TANGER-ASilah-0096,M-096,42,42,0,14,10,18,2026-10-03T23:35:28.236Z,sha256:sim-firmware-v1,14d843f6589635a94af46f95ec7942f53172294fe0fecfd39876f8e449cedaa5,65c3ae35068fba70abea51d600b6fa0be0c5f8c5a644aaedad97e4a8c3b432071a262b3194e9cad8bf9ef3008681dcfca90147982bcfd7b9993d38ec933e8d0c,PASSED
2026-L-SIM,TANGER-ASilah-0097,M-097,50,50,0,11,16,23,2026-10-03T23:35:28.244Z,sha256:sim-firmware-v1,99c5c90a2a0e6178abc079dc60a77bd3274393209e8c8286c78e3c63fa0ff77a,73d5bda32d5ce5b35d9b3ed5ae89fc16de21aa12097aac65566e60ef1dc2860b9cf8fee9e62d5fa70e06c8818163c2c3e3ba455106f745a3bae7852ca498e30a,PASSED
2026-L-SIM,TANGER-ASilah-0098,M-098,43,43,0,14,20,9,2026-10-03T23:35:28.251Z,sha256:sim-firmware-v1,36a21ba711732d1f7333e103a64bc049d56481703f624de801eed99c7dc8a52e,84956d8edea3be9560982d032207742a41b31b3198d16da72cd377e309cc44eab95dd05ff1cd15e2c796d5700ea7ac1e39a469ceb1c22c937f5d3ba16aed8e00,PASSED
2026-L-SIM,TANGER-ASilah-0099,M-099,44,44,0,18,13,13,2026-10-03T23:35:28.260Z,sha256:sim-firmware-v1,ca5456fcb02d2d5f7bd73e6a529978faafcced25214debbd0283a011b55ff848,51edafa275758ebe17b44e4a90ed0360d9fef5afe9068e9ac06c80331d6762cf801840160baa9186ff05288cd67e4e9a031e7c18f1d146c3de9f6fb7a569720d,PASSED
2026-L-SIM,TANGER-ASilah-0100,M-100,45,45,0,16,12,17,2026-10-03T23:35:28.272Z,sha256:sim-firmware-v1,896b0951aa5cbdc4eb4ffbbca956fa5b9ae54c0067462cd116f73e694c52c836,1c8a4f507e6cf0eebcbb3dc2423d04fa32e31eaeeee6f85d137a120afcf30ab328a562c51d43a1b88d20d5a224094b590f5370e1c1cfcbd074ada9fd2f658e09,PASSED
2026-L-SIM,TANGER-ASilah-0101,M-101,45,45,0,12,17,16,2026-10-03T23:35:28.280Z,sha256:sim-firmware-v1,95c6f18a88942347fbf15b1dcc1347fba71b235e321d0ba791f0640385bdd5fe,e74e50093c24259cff67890d49aed810a98d15810d9ea32a41c4390c8c25f6af41016cf661b5f6fde592e179b7a969530ebc98fafaae5325fcc74b8e45160507,PASSED
2026-L-SIM,TANGER-ASilah-0102,M-102,45,45,0,15,16,14,2026-10-03T23:35:28.287Z,sha256:sim-firmware-v1,c09148d1262398cc1a5449852cb96c6e47ff5e76219b98d0fbf7ffcc64a7c88b,f5c2ef98e9600c73692c724346ab8b86eb79bf9ef30afbea2a76408d089202fbcb3dee8b91b27c5796e4bb71187c38f1f5b6ba4b84dd3289eccdcf03c1d4220a,PASSED
2026-L-SIM,TANGER-ASilah-0103,M-103,42,42,0,19,14,9,2026-10-03T23:35:28.295Z,sha256:sim-firmware-v1,2a080b7be345e52619a1e0b154e3f8b810e6b6e3c8f173fac8f2ca3ac58c9c75,81cef2354a17aeb7d5c1f2887c36310b0edbb2c6369046f2dffc1fca6cdac67338547aaea0243075792e7d052aac5e5b9cbaf4792a18f53e5863d68680a0d00a,PASSED
2026-L-SIM,TANGER-ASilah-0104,M-104,46,46,0,18,15,13,2026-10-03T23:35:28.304Z,sha256:sim-firmware-v1,63ad546dd8ce39585815068a94433de50df6281bde03d84c1a7adaa6440e85e5,9672af3adfdeba853cb6c7743347b1ca3d719368ef966dd939f0802cd746b8129e6b5af41ad05694c037a17de479d66201fbe0878e89fa6098b6af97f23d4a0b,PASSED
2026-L-SIM,TANGER-ASilah-0105,M-105,39,39,0,16,8,15,2026-10-03T23:35:28.312Z,sha256:sim-firmware-v1,d985680dd293a1edf085acb2e83fd82209adeac80ffa3074eb1c4496e0acf61c,ffe9428c7eaf357c97cf1519f5708222f18bef929bea3c79e6925162f4058c694c01cb6c5cd269a76cff5514fcbc6c10162b6bdf00a754f8efd4897c635a1308,PASSED
2026-L-SIM,TANGER-ASilah-0106,M-106,47,47,0,10,16,21,2026-10-03T23:35:28.319Z,sha256:sim-firmware-v1,6b7eb86861a9ba00e841cf575344aa1a53c409e3bd18bb12295aafabbedd0943,01956af3cca4665916588ae4a4f2880d40e1fc5dde48b7fad0f3af1252b055cf02dac71c59abd866a114832b46bd1a27a573d2d369c68d8eff0dcd4509dfec0d,PASSED
2026-L-SIM,TANGER-ASilah-0107,M-107,47,47,0,19,16,12,2026-10-03T23:35:28.327Z,sha256:sim-firmware-v1,114a212ac7ed99ce3c34cca910550ebac4c6eaeb32f85da932a711dad46d3b07,65dba21b4f3ecf89f6c6a418d6f267dba19e0d597f7cf0d1df315a433b204ade7bef2e4abaabd51d34a13a4c0e15ab48bc06705e0a2cbead7ad26ab0d4da0102,PASSED
2026-L-SIM,TANGER-ASilah-0108,M-108,48,48,0,14,17,17,2026-10-03T23:35:28.334Z,sha256:sim-firmware-v1,e0d7b96deb62cbf3a6ac0a366c6c380e0587f8330dbe4ddb1d2eae1c1b1a1bd7,a297dc1ee301d705ac5d9e14a32225597fece0182792b70d3f0bebc90776709e8c5bd156ef37c0830d8c2c0da8b7e7d9a35439773776e22a1a8fa8811682150e,PASSED
2026-L-SIM,TANGER-ASilah-0109,M-109,46,46,0,20,13,13,2026-10-03T23:35:28.346Z,sha256:sim-firmware-v1,26d492db36e3dcedec078f60807de234172cc8b408d61f3d82c8e0fa2e96a058,fd174293a09ded4b41645a3ccf96b0cf9c0c8fa5692a697bff98aa647a5975fdd404107ef8d2243a42769c6a11c6d55751e0648c089e68e78c838cb2ec20030e,PASSED
2026-L-SIM,TANGER-ASilah-0110,M-110,45,45,0,13,14,18,2026-10-03T23:35:28.353Z,sha256:sim-firmware-v1,e6ddf832999155213b8ff40adcef1c21161324161a063fcbbb40866174be3b40,735aacdd1542febf778489f750c4d3d8bbbc03b11a86c928cff5dc52ecd30e11ee2f6ad5d8a54a4c2c300b6849d0c7e00f1f4702b9efa99d6bfebbed8a1efd0a,PASSED
2026-L-SIM,TANGER-ASilah-0111,M-111,48,48,0,15,19,14,2026-10-03T23:35:28.361Z,sha256:sim-firmware-v1,0fbdcaa1315522325cc1cad364345190e2f9393084e82d075bb7523c6945eba5,c95db8fc90e92f2ad40c14d68e1bdd439fc0986709b57cb59b61ad27ed6caf1997941fc5b5ced9c985d10c013f9487a298440195d9891171d673c67e97550a04,PASSED
2026-L-SIM,TANGER-ASilah-0112,M-112,47,47,0,17,15,15,2026-10-03T23:35:28.369Z,sha256:sim-firmware-v1,a595a42760f1e2776536b534e7ff5c262a011418b3d193cde3c1214d3e38ddaf,ecef35719ff70ffd9e622b5479fdad8e088ce63f5994acfbfcecda99e7e08af9e45e6f57b0524a607c0dea49cc6c04b935ee15d5b9a701e19cac7e6d1faa1e04,PASSED
2026-L-SIM,TANGER-ASilah-0113,M-113,44,44,0,16,17,11,2026-10-03T23:35:28.379Z,sha256:sim-firmware-v1,e8bf609c1b3b866c1a45f67893e8748412abb18fd735ef546c10cc956becb7fc,1b8afa2a31290624f3b49c98c2d0c41205f54c51ade40b36db57a114d948db4f68fe89b4da21bb9fe7998f7933658ed27c33dc5cceb1c253d2c86f6eb8922707,PASSED
2026-L-SIM,TANGER-ASilah-0114,M-114,42,42,0,14,12,16,2026-10-03T23:35:28.389Z,sha256:sim-firmware-v1,cafaba9e3a626f8fd1def78f311c1b6e010a28e4560927cc1e90c83585db4956,16113f4c421d06cbb30e438a97e63dc68e306885e7c212336cc2af167e34ab2b507dd7239ce7362bd93b98e8b256e97eea736812088f7c5f00747cff5244c207,PASSED
2026-L-SIM,TANGER-ASilah-0115,M-115,45,45,0,15,14,16,2026-10-03T23:35:28.397Z,sha256:sim-firmware-v1,8ab78d8e5f15c72242abb115088f5e184cdf75e41fbe444486bb3ebe257b0be2,3bf4d8c408eb61de67b8ef1291d274fd94e583234f172f08d9963641c8f12bbfae828dfea8c5992f52c5cf187fcda285f2f9fa47986cad8ad02f5b3c4cfd0301,PASSED
2026-L-SIM,TANGER-ASilah-0116,M-116,42,42,0,19,15,8,2026-10-03T23:35:28.405Z,sha256:sim-firmware-v1,5049ec173f87a14cea6db5523da3da1e3ccec3c974274c1f0846566c5ab2599d,18950fb6ebdc13bfaf888c2d549de12815fec62688bca82edea7eb36d058162801a4b3730e234ea071797fb1c43286bac451dac6f7dc605177f2c86ecafbc201,PASSED
2026-L-SIM,TANGER-ASilah-0117,M-117,46,46,0,13,15,18,2026-10-03T23:35:28.416Z,sha256:sim-firmware-v1,a36f68c33d412b95b33e1f6d93d065bac193a7824b28500badecbc569bd103b8,3ae8a2acb8a857280f836f0d1eed4e62b5b20fe0eb39c8e1fbe57228355634d0c2e15b284fcffe3c1d4d2554a3dafbaac7d3dbb98ca38f00816b20e48ac1ef07,PASSED
2026-L-SIM,TANGER-ASilah-0118,M-118,42,42,0,14,16,12,2026-10-03T23:35:28.428Z,sha256:sim-firmware-v1,39224a88e352155d308f8a1c9645ea8a7a424007b575f12aa78d8bd9a651390e,6cad834de09df2f355573d363d36db4eb8e3a2810d85c6594a4240727e94efdcfa19e2560c54d988138b9a084280436e415dcf5421e3246a1151b51cd5341b05,PASSED
2026-L-SIM,TANGER-ASilah-0119,M-119,45,45,0,16,15,14,2026-10-03T23:35:28.436Z,sha256:sim-firmware-v1,f01e665837334219b8646bed01f75be1d6bf6dbb814cd85f568d293d2e86c6d0,279770cbb1aa03b3a432272425f962e4e1ed1a2d89de84950437fb90a70ebeb53bf6751ff1add2301d111e49494e6cd71c1be806671bbbfdcc2e9424250fd20e,PASSED
2026-L-SIM,TANGER-ASilah-0120,M-120,45,45,0,19,19,7,2026-10-03T23:35:28.446Z,sha256:sim-firmware-v1,6f23910ff4d074416ad8550e49c4606aa297812d2d9ecad6f8ea7b3b6f936a98,8790e5de8d7f77f38ad129d7712e903411d5426a2d696edadb3e158d852580acf1865ea30585d320abcd553e2bdd85fc82b5b4cede8080bd6c9a33836e9a1903,PASSED
2026-L-SIM,TANGER-ASilah-0121,M-121,41,41,0,13,14,14,2026-10-03T23:35:28.454Z,sha256:sim-firmware-v1,1e672949271faedfdcc67d622b1d1b2fd324ac8bacd0c52432a51ba5d5d27d8a,303f6d728306ae3652372e74e915c4a2a5b3c2eabea214b1093a1daa8c98b6e865a02c8625ab9ae6726640991541ccd3ee21864426bd7f7e4d97a5f2470d7a05,PASSED
2026-L-SIM,TANGER-ASilah-0122,M-122,43,43,0,15,13,15,2026-10-03T23:35:28.466Z,sha256:sim-firmware-v1,f4eeace8837fa6b5e4acb15072b40c2a88b803f0c116e342781bc9b53ddc5f7b,fd42940f943adff658d31e43ff0020a46d522b75774e3e227439fdf911ae58bb49af25655064696dfc50389c0497bae88e05c1a053af00c15b31d90c29998c0b,PASSED
2026-L-SIM,TANGER-ASilah-0123,M-123,43,43,0,18,14,11,2026-10-03T23:35:28.474Z,sha256:sim-firmware-v1,01228c2a6f746596165d18aed140ee51ac489b24bd0ae6f9faa5933a8dafd08c,95ade0036ca92610faa3b82cfb7396d7a3fce201652c8cd5be0bce756867c2b7729909b4bd0a20c5285f61b918deda5ebde0f6dd1a64849323e4931d956b550c,PASSED
2026-L-SIM,TANGER-ASilah-0124,M-124,46,46,0,11,17,18,2026-10-03T23:35:28.485Z,sha256:sim-firmware-v1,ec726150c373fef168e9db5af4bfdcc9a76f1b480844f25f103c311ea09a5715,c4368a860b3aa449dcee30d96067127ff6c5fc064f8530f1ff1c70aab13a168be5f1ab2563ca07fa5a1deef8006bc2d0518b84ce865334cd37e435f26ddc1a01,PASSED
2026-L-SIM,TANGER-ASilah-0125,M-125,44,44,0,17,18,9,2026-10-03T23:35:28.494Z,sha256:sim-firmware-v1,0e334bec0598ff974d923fac56f0a4934662ac0c1e4fcafa7f55bc809abf1fdf,bbf1947c11941c4d589a74fb3ec3c0fb56225b9b939a35000858d78cca2e9d3505c7ac5944d1a45c0986ba24d8702c45bb50f30463229c435f7c121350578c02,PASSED
2026-L-SIM,TANGER-ASilah-0126,M-126,45,45,0,17,14,14,2026-10-03T23:35:28.504Z,sha256:sim-firmware-v1,290b892a23bd6baab3aeddc07e967a9ce1e88b90d9ec8cd4fb44ddddc492826d,2847baee5c164b4bd3e01e0d227168a38de73ba054f52b4ecd4751674aede1a170a58aed732645b1ab073bd881cbf9848a75e0010c1930a9dc567610824b1402,PASSED
2026-L-SIM,TANGER-ASilah-0127,M-127,46,46,0,18,9,19,2026-10-03T23:35:28.512Z,sha256:sim-firmware-v1,3314f00b85a4247a57142df849e7f5eb9745fc6639260ad648bc6c1fbba661bb,48267defbf6dcc60a3da782f5efcb46a49ba1d1c59e974a0dfa365da0272a2fea50591b99add1386a42a282ee41a60413a4e0411990caaad1e1990f515b7d600,PASSED
2026-L-SIM,TANGER-ASilah-0128,M-128,45,45,0,17,15,13,2026-10-03T23:35:28.520Z,sha256:sim-firmware-v1,cc1987d42c83123d8dbf2dd3c750ccf91b71a42a2cf43a477e6f29e907c11431,f858ccafd903dee37033ed1e859854b166ccaaaf9e6e785007f09c7cf7198f7f27edc2b012b7020b51670cc2a817a7166c90a92d11393724b4731d4d7711d001,PASSED
2026-L-SIM,TANGER-ASilah-0129,M-129,49,49,0,15,16,18,2026-10-03T23:35:28.527Z,sha256:sim-firmware-v1,7af1f3ad76eb9c8188cc4ee41afbf1cd198ef483e75f96295752a5014d391ad3,331d90b19f4560109ff13a893b9c95880c1781f946d721f80a8e3e55c17f52b7457a60fc356746a894efa8f60e7a130db60039994d66d272d316d3c924c0fa0c,PASSED
2026-L-SIM,TANGER-ASilah-0130,M-130,43,43,0,13,17,13,2026-10-03T23:35:28.534Z,sha256:sim-firmware-v1,b3d532e77111d76c6fdbcbc0abd4eb14a2b63b7501335b10e5cc51ed149cb483,5e904c0ec91fb736de356a10c3dfc830a265eba57b17e5aaf1c9c4907fa8044b823c7d4d6d7a1e7109ed5dfb68a59d9384de71a209d5eebabd2412f845b99e0f,PASSED
2026-L-SIM,TANGER-ASilah-0131,M-131,46,46,0,19,7,20,2026-10-03T23:35:28.542Z,sha256:sim-firmware-v1,d5b5c052ad73c13cc801bbffebfceef2760d52501ff4c93ed4399a6c44ea07f0,3e5bbd3af8907c8f24aa03c8b5ab1938a2e038cbfd66d51ef003d6461cff9e30203807ccae15358abf90e9ad1b6f4ddb353d0bdecf1f2dba6399158658cf2b07,PASSED
2026-L-SIM,TANGER-ASilah-0132,M-132,46,46,0,16,13,17,2026-10-03T23:35:28.554Z,sha256:sim-firmware-v1,c01c0efc8fbf324fe453670f11849e9b5700a1b3cd582887a50923a19c0c4a45,58335ff915a7d64d923a29e2eedf364304e02e84a1e597f01fa129dcb5a54efffb1b336f34a3321fd87752a56a537e2abdf653601eae89f42fb4333fdcd82205,PASSED
2026-L-SIM,TANGER-ASilah-0133,M-133,46,46,0,18,7,21,2026-10-03T23:35:28.562Z,sha256:sim-firmware-v1,d99780213569786426032dc81daf85e77c3b40a78bcb45375e4b42fd4b79b3e0,e8e5e6ec0cba142c6ae66bf0b80ad0fa472e425e311b73338d43bb9fd6aa87864ab6a21fa518979e66a25c72d621dfd304ba275d0d817f8a3b10af4f1bc9040c,PASSED
2026-L-SIM,TANGER-ASilah-0134,M-134,45,45,0,15,14,16,2026-10-03T23:35:28.569Z,sha256:sim-firmware-v1,c55b465c768d8a7c14081ca08dd2182f86811d2430c80862302a6a090ee53fc1,3c10fb1d24742f32c911dbff3c4ff8e893c1bf9a0b1604c5f21f723276006e24c116d9f4bdefdee561200f93eb71201d9734062b4f6047599a489860c8496f03,PASSED
2026-L-SIM,TANGER-ASilah-0135,M-135,47,47,0,16,15,16,2026-10-03T23:35:28.577Z,sha256:sim-firmware-v1,b0f62b21714ef57ca54700aed32949872133e32f73aa307a3af799ea808081f6,796245cf2300eec7ab1bd123963c0c584d65e101cfa406f705f54ac57be19f743a71dbdeca5119f59578c660bf27f3c1436e9084e893cfd4a0be233b312ed602,PASSED
2026-L-SIM,TANGER-ASilah-0136,M-136,47,47,0,15,15,17,2026-10-03T23:35:28.588Z,sha256:sim-firmware-v1,a4c8ee31af2b55ed7b857f6855a89a75f46f480b11d7445b1b03da853c7b5341,2bebb72cb54a4b70fecf3b610077cc50447c975bb2aeeb0f4669e00c6647b0875c87b6705d10c2205b34dafb00199936eaec55177ea1f70d6a31cc8ea89a2a05,PASSED
2026-L-SIM,TANGER-ASilah-0137,M-137,43,43,0,22,13,8,2026-10-03T23:35:28.596Z,sha256:sim-firmware-v1,f97340d5af2a6dbfe8671ae964955a72488063b45e88d68052319d623ffceb0a,ea59611dcba4e3d4a6b8365c111f017ff4cd73de743ae574ed7cb05cb71e49f87ceaebcace9249d1a854aec9d4c4a2a4b8bd32d302d80cb4219013a5fb01e808,PASSED
2026-L-SIM,TANGER-ASilah-0138,M-138,47,47,0,20,16,11,2026-10-03T23:35:28.604Z,sha256:sim-firmware-v1,22247741ea2568cfd46d71bffe9c319ae7c6cf72c0a10bf2b98964ec65ec9192,3433343326818b9656d720ad0d5747ade4d9de9131362078eb53099480798a22f5c656d4d48b9813e187b686607353d5b7030f1086290c4ab554848216a4fc04,PASSED
2026-L-SIM,TANGER-ASilah-0139,M-139,45,45,0,16,12,17,2026-10-03T23:35:28.612Z,sha256:sim-firmware-v1,8ec090b7579760a9ecd110931a61738be6404b64233f843961bb5aefcb2b3208,484dc86549aa4db42da3b72985b676a3238424279740427f7d03196f7f6e55379c495e1b0948b7be9e76e16994e920d7bae1c29bf0b420280163d457117c4e0a,PASSED
2026-L-SIM,TANGER-ASilah-0140,M-140,45,45,0,19,13,13,2026-10-03T23:35:28.619Z,sha256:sim-firmware-v1,d0dedaa5db8c97ad0edc6f0b77a40b8d5526652ade90f1ca88a14d1dba1c57c1,5aaa0209038407f6bbb9d2c2421ead4ee78f72fe185423c219962452919d6475e464191fdd481c612eb07eb2a988af4ed6ffe4a39ded3357402d35e00a17ae04,PASSED
2026-L-SIM,TANGER-ASilah-0141,M-141,46,46,0,18,18,10,2026-10-03T23:35:28.629Z,sha256:sim-firmware-v1,29c2b9e42f8cbb590b0184b990faac22d74da53b240a77eedbce41ae0c57173a,36c0a66c3e2d4b535270caa80636f09634c2acc7c4418989c3b681d73b90a1f27b16cb731aa4bbe82f0d87d1d6b99081365e7e5bcd46bcad761ef0670d507004,PASSED
2026-L-SIM,TANGER-ASilah-0142,M-142,44,44,0,13,18,13,2026-10-03T23:35:28.637Z,sha256:sim-firmware-v1,bc5251df43d65536b9a39bb56e4292f59463172aa3c27c3672c263dbdaaef16a,4deff6b4c74e18a50c46edc44e800816e595483a4cf17305865ddd8269af4a6d0e0d8a27796331064c9c89c456ea441bae0b4fb21a3789469e044750acf1b203,PASSED
2026-L-SIM,TANGER-ASilah-0143,M-143,42,42,0,14,14,14,2026-10-03T23:35:28.645Z,sha256:sim-firmware-v1,94799a45bf86db03aa154ced1cc750a41fd34f6235920795844430745b8eded6,d7372f4cc13f4ec1c4e0fe8007aacd723abe2250a8090d0f578f624e3193db9976362a98ebb06ae7b06e7c84460d65ed8342ce480cdfeb87112a9b05ba7c5a0a,PASSED
2026-L-SIM,TANGER-ASilah-0144,M-144,46,46,0,16,14,16,2026-10-03T23:35:28.652Z,sha256:sim-firmware-v1,1f6b4e2a2a4dc221cc8b7abd39fd6eb696fc14cb9a1e1ae38c02bbd1561b09f4,6288bf473b9ac33b1d3c02b3b5a629ea7e01400d703c89414e67401c6e047d0699b53402b2aed548ff0dde1ce2e756bf47c078ddaa6676f9feebdec08abb100a,PASSED
2026-L-SIM,TANGER-ASilah-0145,M-145,45,45,0,16,12,17,2026-10-03T23:35:28.660Z,sha256:sim-firmware-v1,40c18d602042639274f1b9b511753fe535acf10cd59d9b09bd40105a35f04fae,6abf4f87e248a8218b8cfb624d465170905039813745fc797ed3ba7bdf169c06e7ea9c1658dd7a7ee8a7cf0c032cee1a647846e37d2aee32d4496bf78a109d06,PASSED
2026-L-SIM,TANGER-ASilah-0146,M-146,46,46,0,11,23,12,2026-10-03T23:35:28.671Z,sha256:sim-firmware-v1,aedab53511b24abe66b1e095dc906cb5eb6b817a03ca284dd84e529eed17d078,ad50e51a5ce0b6ca80390fb054ae96c32921baece659be3c577bb42252dc805da47c974e3a84999b3950f3761d8e6f50cc279c454d464248677c124011f12507,PASSED
2026-L-SIM,TANGER-ASilah-0147,M-147,43,43,0,10,14,19,2026-10-03T23:35:28.685Z,sha256:sim-firmware-v1,05e8d6f87f7a39c2e63ed81d794f0ed8b909cc6ff12b110bcd726111f0f53b56,2948bcef64183edb3620374de29d1e7a00b53bbd572693afeeb201967ea4ffafd60a547a6982ba7721220107ff3f6bc6a5f006b47e4ee26ab92d24639bfbf805,PASSED
2026-L-SIM,TANGER-ASilah-0148,M-148,49,49,0,16,13,20,2026-10-03T23:35:28.693Z,sha256:sim-firmware-v1,8c928ea697c4db480235ad0009028b7d3f526a8b9cc441711db437e1a1f94397,ca6741e0c7abc35b61752a17c259ea2bdb963d979d0195a604e0674d8a644aa9bfdcb8a451023fbeac4e0b22a3a7eeb643ca0e594cd3a8973c188afa5918140b,PASSED
2026-L-SIM,TANGER-ASilah-0149,M-149,46,46,0,13,9,24,2026-10-03T23:35:28.700Z,sha256:sim-firmware-v1,b9ce2b71af7a248365e5fe1a9b47361c916e08301f1acf20e589af68d60863de,bce77f2c2c1e41c8e216bfd8ae3c7a5c6f8a6629b6737a7ad2bf0fced3f1b56aade019fd9c90188ddee2177ec9db4369297ce0ba2f9529c63ddde8fe781cef0f,PASSED
2026-L-SIM,TANGER-ASilah-0150,M-150,46,46,0,14,13,19,2026-10-03T23:35:28.709Z,sha256:sim-firmware-v1,294537a11348d86dab0e8412e56715915221ba47301106e359fdff509239b914,5cf41d1896ee25540ce333d2f8b050b5729d636c9e32c6b7f78854be4cfa859a4e601282cef4504f9fc37e9ade5e73ac705a3a063ddb5a6ebe2d0ae843084207,PASSED
2026-L-SIM,TANGER-ASilah-0151,M-151,45,45,0,20,15,10,2026-10-03T23:35:28.717Z,sha256:sim-firmware-v1,d130fb73534984337c832c0ea78f2a05fcc35fa26efc42fa8948f77d4db9e436,d0132b81ce846e6233aafcb49662b7b91e9161536e4e3e935581df4dab46fc2909d0ab66c82c1ec42c03d043c82891a4cbf2fc93515a38b9d3732525b909d80a,PASSED
2026-L-SIM,TANGER-ASilah-0152,M-152,49,49,0,11,16,22,2026-10-03T23:35:28.724Z,sha256:sim-firmware-v1,9273bf10d32dae7d1f98edee2c857e2656cd2b013b9159655d789e39ddd18b41,bd78b69b77f2f60473e221fc1802d42f51bb589cc529fdf594ff80caae4217ea6c636ff290dba5bb0ba6e40a70658dfef0a8fd5695542fbbb7c87d71ec8fce0a,PASSED
2026-L-SIM,TANGER-ASilah-0153,M-153,43,43,0,11,17,15,2026-10-03T23:35:28.731Z,sha256:sim-firmware-v1,4a0f2fd2cb4c6e3e9d7276edb6cca918443e1ee41ec52b7bf65296b43773b96a,49988e179ccf3776c37acbe74583235ab6341d2adfb3a6976ad8a6dad35b0f77a5cd9a053f6ab5612f8bbe4f6785f9abdfa7ebfa41531748dd7ada702e055501,PASSED
2026-L-SIM,TANGER-ASilah-0154,M-154,44,44,0,14,16,14,2026-10-03T23:35:28.738Z,sha256:sim-firmware-v1,e260f40cd48db55f976dd2f8bf6c801ce3ce7a8c8edc1138d0d0664c5cc7abe1,d768db45ae294dfe9a57c20854373d39ccae0c5e1eb730914e443d98488b0147d2c62c94947aafdc8d17170dee28b56c2d0a79bdef9162b5aeebdac7fa414a02,PASSED
2026-L-SIM,TANGER-ASilah-0155,M-155,43,43,0,11,13,19,2026-10-03T23:35:28.748Z,sha256:sim-firmware-v1,7359fe018e18c67dda53a3a6cef389f3f4c49348863983da207202532a54f625,71d34f9658659b54eb7cd0f26342b6aabc8cbd40eb0ad26db4fe40d1cfa02ccb48242e61440c967b90a091d0e07a9bad2505aa34f171c5b6b400b26e54c4c902,PASSED
2026-L-SIM,TANGER-ASilah-0156,M-156,45,45,0,18,15,12,2026-10-03T23:35:28.756Z,sha256:sim-firmware-v1,0707db7c147b86470a537d32f9e2f3c58b093dc7df3be64d86e8913f44b36d17,cdf5a368f1680bd7df3a89af5aad2723dcffe505ef6ea2335607c2be83f35eba839f6037712a94d5cc90b323ef4a3fe80a5e82aa5206b87b921942ce090cfc01,PASSED
2026-L-SIM,TANGER-ASilah-0157,M-157,46,46,0,16,12,18,2026-10-03T23:35:28.763Z,sha256:sim-firmware-v1,16eed0f6039c004f6dd90daae55eb5be3651dea737a8ef57217d39d4f495db91,4265304bdcdeeaae33e0442b3c5b6164870bf25f5bfab156a460586d43be29c454136e0df13a80d40e0fddb47bc8839005fef04286a4dab09a4d415398e19c05,PASSED
2026-L-SIM,TANGER-ASilah-0158,M-158,47,47,0,16,20,11,2026-10-03T23:35:28.771Z,sha256:sim-firmware-v1,b9492a828fea359c32199feb188bcbf63cccd4e5ff35c0785d303c41fbf82d09,41ba8ed41229ecf1c25ecf12c89685e89bda297461ac3fbbd730af243f064690428c826d096cd1b234f2f91e6b25cc4c58cae185f2f981c7cfa7d7fde0af3809,PASSED
2026-L-SIM,TANGER-ASilah-0159,M-159,40,40,0,15,11,14,2026-10-03T23:35:28.778Z,sha256:sim-firmware-v1,46be600439b95a7b02be953c7387a1f1f2d1033c3f2a7722cdf4ec9669c809f3,4030c58243f2e72cc036be026207d1a08c4f2de5d9b249aed37de04de0ac100a37c604e5b1f51728b1da473ebdf7c0a9cffecb9c89b37dd22cf8016c04222f00,PASSED
2026-L-SIM,TANGER-ASilah-0160,M-160,44,44,0,14,18,12,2026-10-03T23:35:28.785Z,sha256:sim-firmware-v1,0f1779d6721984aa7665704ca0a0dbf786d698d090ade525db24df44971c9a47,befb7708a55d8696dc745f09ce29e52e1292bf2c4605d54c5173557421ae9b2492ee9c1c51646caf1c0f2b52b2e8f59476ea36bccc158d15fdb9993866c38e08,PASSED
2026-L-SIM,TANGER-ASilah-0161,M-161,44,44,0,17,8,19,2026-10-03T23:35:28.794Z,sha256:sim-firmware-v1,2b1850d76f588e0977efd1fe3c402198628f1616837360399b83b956f66d47f1,c4c9efbca02435ba075d4f5fa86b23e99055c1cc39f492667c9f44c189b74e1f70126e2731b3875c76f4c4c39c3c287f0d024cb3ec3703741e304811f6c9be05,PASSED
2026-L-SIM,TANGER-ASilah-0162,M-162,46,46,0,11,14,21,2026-10-03T23:35:28.801Z,sha256:sim-firmware-v1,e7bd3c8cb93eb48c8461b0b0233a4287e992124ec5e26d15b8aed0881b560c50,845b4d655642ea2bd27b14d04503fd959246e713a1a297ff4bf8b782dee8d379e5be164f43cd6800de90027d5871e56b69be62938a8d1cf4040035391b362d08,PASSED
2026-L-SIM,TANGER-ASilah-0163,M-163,47,47,0,18,13,16,2026-10-03T23:35:28.808Z,sha256:sim-firmware-v1,3fad88fb817e4cb6194d9d9a262a542ebe82ec456228b85b804c0e613655c7b9,ccc6ba417edfbad2924634a0633f850d374cb61ab898583b431fd61509d80875cf4c7d628f8fd3866220af68c9393d6c69aee1b98c486aaa4fab25cd6471df0a,PASSED
2026-L-SIM,TANGER-ASilah-0164,M-164,47,47,0,15,15,17,2026-10-03T23:35:28.817Z,sha256:sim-firmware-v1,d62c1838088018bf79fcb5569634eb95f68da986b6fd39454dc644a2f1bb64d5,9faac4c88a5c34f9f3902fc213816cc452c4d38c65c3ca28d6c20ecefc2ffb3e26d0aadf0ae46e9be73d3be3dcc7e0ee012869e11bd2a520f6b01ba5d1920302,PASSED
2026-L-SIM,TANGER-ASilah-0165,M-165,46,46,0,19,15,12,2026-10-03T23:35:28.825Z,sha256:sim-firmware-v1,abc78de71e37018393fec5bbe534ae25fd09abfb8d0c13b66b29310541175130,50e353166ca039b3e0defbca5f436dad2d499c151ba3da5f1eeb430a131fedd8a473b43fbbeb7bcf383a772f0bb19a97eeda5747036ed949cd963bc3f8b2ce0f,PASSED
2026-L-SIM,TANGER-ASilah-0166,M-166,41,41,0,13,14,14,2026-10-03T23:35:28.833Z,sha256:sim-firmware-v1,3ea135f83c875b536805b6fb4d68d01fefaeacf52dbe62c4ccde92b2a2b3f738,08be82b2b2dafb41cec7ca0c3c00462cc5625ea3161e3e63c43f4bc65afcffb458d2e0d220dba9e695656339d5700de7a1fc6dede9945f3ea466a6b8a7c40d07,PASSED
2026-L-SIM,TANGER-ASilah-0167,M-167,43,43,0,11,15,17,2026-10-03T23:35:28.840Z,sha256:sim-firmware-v1,3216a062486459ca83da091c6049faf66dbcec27952550599e737e94606801cb,a882d46a9a67d2d73573dc5195c328f606f3be55102a2cf359bae8280b8d3bfb3314b688519765b30a3274e260f766a6b62eef010839617f6ccb7db2d7c3f90a,PASSED
2026-L-SIM,TANGER-ASilah-0168,M-168,44,44,0,17,18,9,2026-10-03T23:35:28.847Z,sha256:sim-firmware-v1,61f6dfa8352dacb29ab46bdffb6dcb479de5ba7060f68a53e6783e5b2dde84b1,364e3cea5d50f17e2de9ae93de08920db54f27de26f9ec10a71dda4994993b3b75095f7c4be4557df7cfad4d39968b0fd2f7b8473cbd96291971eb57f2a7fa07,PASSED
2026-L-SIM,TANGER-ASilah-0169,M-169,48,48,0,16,14,18,2026-10-03T23:35:28.855Z,sha256:sim-firmware-v1,744e3f93dc9f4b20e5202e9d0d989aea39f4fa650280b3840d802c49a8adfaf1,46ac144b72f7fe66a9c9d024f852d3c3d1176e9073d59a3aff5d00925edd338242c69cbf44eaf4120678dd78017ca59a1c73212cfec2ce0d92629d692a515806,PASSED
2026-L-SIM,TANGER-ASilah-0170,M-170,48,48,0,16,12,20,2026-10-03T23:35:28.871Z,sha256:sim-firmware-v1,1b332ee37c09f9f16b339b30fd567fac2147e16a592081099c037dbb01a0f130,64af3a6d6902ee6e68dbe4fc9ede65cac97e7f422d8e85ea548664eef0772835ceda4cb815c1ad646b70b3965b266de8b24a955d6ce0312dafaff0a30785ef0d,PASSED
2026-L-SIM,TANGER-ASilah-0171,M-171,47,47,0,16,15,16,2026-10-03T23:35:28.879Z,sha256:sim-firmware-v1,70865d98cffe784c2dd57a55863a1cb457928a385ff185acc38d760a0f898742,83a9bfa909051f8ff71fb29a9a3c01e348789728ceaabcf3b27d4f94bed82da0434f889a4c1668d47c02141b93137f7c39bfc211d7db47733ddf75a034988302,PASSED
2026-L-SIM,TANGER-ASilah-0172,M-172,43,43,0,18,11,14,2026-10-03T23:35:28.887Z,sha256:sim-firmware-v1,435cd74763e79942985b7f9f3ebc2a34516f4db708a3f53d3b3b83f266f6f121,8db5354345537ecbb946bed7455952c42df41069202bd302b0c75c68d13f797f186b633007af16521ea0cd36629ea7f1fcbaaa7175ffbc40858f24be99ef510f,PASSED
2026-L-SIM,TANGER-ASilah-0173,M-173,46,46,0,16,14,16,2026-10-03T23:35:28.894Z,sha256:sim-firmware-v1,9e2bbc1d16d77a5301da4361c0a7f756ded08d4509c347b8248b473797ff6572,530cc9b8cd5bd0a1fa80c7ac275a12b19bada9ab09a521c9bc1e8548a0e50cfadd9bf6af208b350a29f61836b553fc560ffe4c95865898e3c6db276b71a79c0f,PASSED
2026-L-SIM,TANGER-ASilah-0174,M-174,49,49,0,16,18,15,2026-10-03T23:35:28.902Z,sha256:sim-firmware-v1,f04a4e051b6183b3828d04967755572a851057e963e6d65e679da16ca1c889ae,0c1e3096d4294315b02b6a1e2d65c2bedd077a3d4a09633f88156d9ced513abab6d9b32433e47c6971e8cb692746beebb418c1a6ef9856a8e84d78029d88d505,PASSED
2026-L-SIM,TANGER-ASilah-0175,M-175,43,43,0,14,19,10,2026-10-03T23:35:28.911Z,sha256:sim-firmware-v1,cd51f4fb89d609c198130f85755233813399454c05986f2abe3f5b84c807bcd7,98885caab7981181787d293ea8c524f040f6c30784a0bcc13693aff95854e79e90920b1b0ddebd3f0c9dee172cde4b1ffba9b2731c352d57cefab011a8106901,PASSED
2026-L-SIM,TANGER-ASilah-0176,M-176,47,47,0,14,17,16,2026-10-03T23:35:28.919Z,sha256:sim-firmware-v1,d18163d169c330607cf6c875b8c4ac3233fbde11340d31987afe966328c15aab,222676745d08be679b9a1b654c36b015dbd8b9351ab527594a0f168836f19dd3964bf47028bf50cddad5fe4c8282ed12ecd606b5ba8f0ddea32980ab9921790f,PASSED
2026-L-SIM,TANGER-ASilah-0177,M-177,40,40,0,9,16,15,2026-10-03T23:35:28.926Z,sha256:sim-firmware-v1,7467f7afef9c0219ff4729f110e504c4c8b244ab24c8fe0958422a9cab9db040,01523361b388710c3a7ff2ba9e976c426878661dc4fcfafb0d05be737441495753e694fae9fdacf104fe7239d7e307ff79e53fc2d3472d646f98da5fcac3c500,PASSED
2026-L-SIM,TANGER-ASilah-0178,M-178,45,45,0,14,14,17,2026-10-03T23:35:28.933Z,sha256:sim-firmware-v1,c259b1119f1357a5e9c4afdb1e73bb3fa2114ad7ead57d26be5b2d83aa9e8591,5efaec72325d02d7a97495448188379e9bff675af27266501d64b74e764dbc1a63a9407432e1a769d4a4937e6d981053c07aa316cf8367a78f32087df4130c0e,PASSED
2026-L-SIM,TANGER-ASilah-0179,M-179,46,46,0,10,16,20,2026-10-03T23:35:28.940Z,sha256:sim-firmware-v1,d1710d8b0abf99b9e52918999d03be0ee3b1e627db494477fc1bbc304d3092bf,4838020ba75637d6921c4e4f8c5eaae77957b13621b6e96fae4cd110c309d46c4be211a6db276b63c514a506adcc0bbaaafb06a4bc281ba495e563acff20850c,PASSED
2026-L-SIM,TANGER-ASilah-0180,M-180,48,48,0,20,16,12,2026-10-03T23:35:28.950Z,sha256:sim-firmware-v1,4049b9e5f919fe10ddaa95ca32e22ea40a82d9f87ba77669a81fa3518e66cd54,0c5f8a34a6bc0b34bba47a58f67583588b63930b3417866e3b4bea7f47261bbea795f5b0230c6195ad8a9c56c390784af35791d913799daee575fa1b5f67290a,PASSED
2026-L-SIM,TANGER-ASilah-0181,M-181,41,41,0,18,15,8,2026-10-03T23:35:28.958Z,sha256:sim-firmware-v1,90be4e50363ac9f505c936e8d76e2f5e1872bb7f03a42e89bd0e7dbb7ae4dcb8,d555e56faf57ac8def2aecb45088ae3bfe80ce4a5580897899b9721bd5568746c055f505e5d83bfdde78d80e977c52e101598ec768c552fda018071e76b92f05,PASSED
2026-L-SIM,TANGER-ASilah-0182,M-182,45,45,0,18,10,17,2026-10-03T23:35:28.965Z,sha256:sim-firmware-v1,cae52f4af51041f08d4bf2305cbab84a789e8c85afcc77fbdbb670506892b5f3,22938a09d0029d92ee10c06755da3a3283d9d0006511e4fe8e4df9dcc48460a084de6b660789c027386eaeddb396f418ae89a5733f307b44f56a9d0d5e4fb906,PASSED
2026-L-SIM,TANGER-ASilah-0183,M-183,41,41,0,16,15,10,2026-10-03T23:35:28.973Z,sha256:sim-firmware-v1,5c9273d9a2dd0b47450594d3a69bd5b39e68bfb77bdf6a9f12e1429c6235e381,03602b777ad2c0328096c7312effbbc3a623e8234f20a546d8b748d11fe782d41caa0533736a5eb3e12255935cfebd369b37a04a358a614ee16f3ee75fee5502,PASSED
2026-L-SIM,TANGER-ASilah-0184,M-184,44,44,0,17,11,16,2026-10-03T23:35:28.980Z,sha256:sim-firmware-v1,f1612e878d9d4dc56e994addba52bed18e488df3c46bd8049ef57994c203fc3e,6423f7bd05900d7cb019bcad5315f04a70a7b564bd4bd751cf9b1427b76291c86f8f5ab4c86abc352815f6b1a543999d3e8407b886d451917e66a7dee7c63409,PASSED
2026-L-SIM,TANGER-ASilah-0185,M-185,48,48,0,13,22,13,2026-10-03T23:35:28.990Z,sha256:sim-firmware-v1,dab27dc9b6f798493d7e989eedc85741e16f30d8ead5a3bced833f24030749e2,b03da985b1f36fbd26f568b508970b2ea37cc95d425d95fc1b0629847b51940de4dc74117e0b8859129c4b51f19afb1039a1fccb402346d47e575fa0ea901800,PASSED
2026-L-SIM,TANGER-ASilah-0186,M-186,45,45,0,14,20,11,2026-10-03T23:35:28.998Z,sha256:sim-firmware-v1,4bc121fb459e9d21aad8b77ffa7ced93d7dce0b2656b1c2e7fbbf338f6c9886d,7cac23fb2cef5321d35f2992a51ce9352beb1cbaead42d691b0e1d9a9f38c6eab3912fb85f857c3d5ab12dbd697e37911cdaeeaf4ffad19fca722bba3f523c0c,PASSED
2026-L-SIM,TANGER-ASilah-0187,M-187,47,47,0,16,18,13,2026-10-03T23:35:29.008Z,sha256:sim-firmware-v1,52b164a4ea1d7e8a71bd2fd243e7de3b8a916c359797c623ca7f75b9c54f3719,d5e008ce63eeaf8ed33969b75f2081f7d3ea7ed9711de89d478bc616f36185233cdfb455b0c3b92e8e9648721b790fb21850f661d5d598367ee1ab0e4a1e3d07,PASSED
2026-L-SIM,TANGER-ASilah-0188,M-188,44,44,0,19,11,14,2026-10-03T23:35:29.017Z,sha256:sim-firmware-v1,015c3e56f50bf32e0847f4128261a923400cdf6640893ad1dae9bdba4dcf1cb9,f3d75f3e74252babf8a1fc2082e09895720a558536829779bf87a93b652a694dc38370803d31386199d365f25f0771b81eb3bbd6cfc3ba98cacee05c5c2dd90a,PASSED
2026-L-SIM,TANGER-ASilah-0189,M-189,46,46,0,14,18,14,2026-10-03T23:35:29.025Z,sha256:sim-firmware-v1,273c91a315e6deb3729179e273d8be47a11237ba189f6122878088ffaa2d262e,348c4b0d9645cb3ad790af4eb63822b0081ac923697b5ee565d9429455b82b966b2765ec15a3df94c1f05e20b15d7c54a8c53aedcf67233363283c13eae46509,PASSED
2026-L-SIM,TANGER-ASilah-0190,M-190,47,47,0,18,13,16,2026-10-03T23:35:29.035Z,sha256:sim-firmware-v1,b93bd08acef85797c42421e3ed59e72e64bfbd07896e7e5001d1990548406f3a,25760cf98ff2fb38d7ce70337e4b83871350cfb406a4baaca6c56f9a0485555b68b1bf2708080067d34ef5fd3e29a40b4b61dcbdfcf9520b9ef535205328bd0e,PASSED
2026-L-SIM,TANGER-ASilah-0191,M-191,44,44,0,14,20,10,2026-10-03T23:35:29.042Z,sha256:sim-firmware-v1,dd879b79b55fb1403ff7a004cedd013b2c008b2d3cce754ec6144bcd1ed2626a,300846296595f38331d51b7683cbb6387659e39057d71d6327f3b0cedafcfef3430e8edb0e50cd4b43ca8eddd032a77e70101868b63996dc40082384015c6905,PASSED
2026-L-SIM,TANGER-ASilah-0192,M-192,45,45,0,19,14,12,2026-10-03T23:35:29.050Z,sha256:sim-firmware-v1,b54ed2786cdad41e2af7b0fe296bd5bf6406b602edb8bb07a2e94807ee5e1710,69906d001e7b21c03557712c7587080733bab085c606950a99f00ba3cd9ecf76328c3e9b77b7cf7d1e2ce8e5d0bdcff2332a05f6bc45331c3461a6c6fcb1dc06,PASSED
2026-L-SIM,TANGER-ASilah-0193,M-193,47,47,0,20,14,13,2026-10-03T23:35:29.066Z,sha256:sim-firmware-v1,c90580adcdd9abd9ca9c2ddb7aa392279f8ccc69d3d16d423ebf1a1c771238a7,d2cca5c197277a8f3595a9c5aed1e67d1a16343ab71986e67aefeb614b9cf393165364657b93aa03aad5707961da66b066a4332afbf30b236e0049c839200c0a,PASSED
2026-L-SIM,TANGER-ASilah-0194,M-194,47,47,0,14,18,15,2026-10-03T23:35:29.078Z,sha256:sim-firmware-v1,acf1b983aec4d6484d60b4e896f1f554eb45d462429447794c8487fd15116d7d,8c862949d011fd52c254066e8dc0a96a64728e78a760207162f5947b3b50fa2d5725f8fa1707938c219d3d004e1511d603b5c0c28d807b85c5d49c6ed3160502,PASSED
2026-L-SIM,TANGER-ASilah-0195,M-195,45,45,0,11,21,13,2026-10-03T23:35:29.085Z,sha256:sim-firmware-v1,006a0fdbdfba83415bb1c3cf8d5dddb6f3a6329f11cabfce63759aa297b55894,3ea7b2052527fb186e387bd6169d8975bb8c32f6ffcd4144395277ceb1f35927ce3cff347cfe8a6d9f6b97ec2e8aa0729f1252b350fecd9779255d32af39130e,PASSED
2026-L-SIM,TANGER-ASilah-0196,M-196,43,43,0,18,12,13,2026-10-03T23:35:29.092Z,sha256:sim-firmware-v1,70d2da494d94eb15246170cd7ff2634c58821148d69809d1bf05f19ead6fae4e,d2167605ccf28c2537b53815129ea277703cb137edea98791d8863d05e26124bdcc7d523818a8ac858c14ae82cfe91b6018052a3dbf797fe30a6f5cb4cddff04,PASSED
2026-L-SIM,TANGER-ASilah-0197,M-197,43,43,0,13,13,17,2026-10-03T23:35:32.026Z,sha256:sim-firmware-v1,314cf9e8fa7d4e82af4e136dceca4d42afdca069fdc4bf99c7713608f0d53d44,cfd9233dc1fa1e6c9d3a4e8da79b7a974344de014dda626c9a7b9a135a3893ab100625bbb1bbcdbdaf3c9d9581177daed0c536ed7416e13a364d8c0e11cc7409,PASSED
2026-L-SIM,TANGER-ASilah-0198,M-198,39,39,0,13,15,11,2026-10-03T23:35:32.035Z,sha256:sim-firmware-v1,08d2deef84eef563899e1de58d7526c85e4a0c915c374db571d245660726f457,126a09944aae3bba5a6dc19bcd5b510ae07de78b9085cfeb42171a21827ef5800dd62919dbb6a99871d52dfa0ccded7bf537b97d1b68946e57f6a7cc15319406,PASSED
2026-L-SIM,TANGER-ASilah-0199,M-199,47,47,0,14,16,17,2026-10-03T23:35:32.042Z,sha256:sim-firmware-v1,1b5906406b593d0e790ea2677c3d82e8f403c6b5d4f535fb906ee4aa4c26d986,ce13bc58893c8e16dcb38ff4dc9f0e6d127ab58aebc933684cd61b60d8ba0cf12661c9ac89719b60b7b9f853f1b3f000930d96d904412d9da260492860ae5a03,PASSED
2026-L-SIM,TANGER-ASilah-0200,M-200,45,45,0,15,16,14,2026-10-03T23:35:32.050Z,sha256:sim-firmware-v1,94c4d66c4c1cca780f1f268fb30249735126fd739bc4f16c7fd447ba9f48c837,6d5389307f39d35965c93228a24ec23035eaef595f874df385817fae3c54de104297d53afb651d7289e6565b1a893d858c41d772f58de73ea0f7940b191f9606,PASSED
