station,district,device,registered,status
TANGER-ASilah-0001,TANGER-ASILAH,M-001,50,closed
TANGER-ASilah-0002,TANGER-ASILAH,M-002,50,closed
TANGER-ASilah-0003,TANGER-ASILAH,M-003,50,closed
TANGER-ASilah-0004,TANGER-ASILAH,M-004,50,closed
TANGER-ASilah-0005,TANGER-ASILAH,M-005,50,closed
TANGER-ASilah-0006,TANGER-ASILAH,M-006,50,closed
TANGER-ASilah-0007,TANGER-ASILAH,M-007,50,closed
TANGER-ASilah-0008,TANGER-ASILAH,M-008,50,closed
TANGER-ASilah-0009,TANGER-ASILAH,M-009,50,closed
TANGER-ASilah-0010,TANGER-ASILAH,M-010,50,closed
TANGER-ASilah-0011,TANGER-ASILAH,M-011,50,closed
TANGER-ASilah-0012,TANGER-ASILAH,M-012,50,closed
TANGER-ASilah-0013,TANGER-ASILAH,M-013,50,closed
TANGER-ASilah-0014,TANGER-ASILAH,M-014,50,closed
TANGER-ASilah-0015,TANGER-ASILAH,M-015,50,closed
TANGER-ASilah-0016,TANGER-ASILAH,M-016,50,closed
TANGER-ASilah-0017,TANGER-ASILAH,M-017,50,closed
TANGER-ASilah-0018,TANGER-ASILAH,M-018,50,closed
TANGER-ASilah-0019,TANGER-ASILAH,M-019,50,closed
TANGER-ASilah-0020,TANGER-ASILAH,M-020,50,closed
TANGER-ASilah-0021,TANGER-ASILAH,M-021,50,closed
TANGER-ASilah-0022,TANGER-ASILAH,M-022,50,closed
TANGER-ASilah-0023,TANGER-ASILAH,M-023,50,closed
TANGER-ASilah-0024,TANGER-ASILAH,M-024,50,closed
TANGER-ASilah-0025,TANGER-ASILAH,M-025,50,closed
TANGER-ASilah-0026,TANGER-ASILAH,M-026,50,closed
TANGER-ASilah-0027,TANGER-ASILAH,M-027,50,closed
TANGER-ASilah-0028,TANGER-ASILAH,M-028,50,closed
TANGER-ASilah-0029,TANGER-ASILAH,M-029,50,closed
TANGER-ASilah-0030,TANGER-ASILAH,M-030,50,closed
TANGER-ASilah-0031,TANGER-ASILAH,M-031,50,closed
TANGER-ASilah-0032,TANGER-ASILAH,M-032,50,closed
TANGER-ASilah-0033,TANGER-ASILAH,M-033,50,closed
TANGER-ASilah-0034,TANGER-ASILAH,M-034,50,closed
TANGER-ASilah-0035,TANGER-ASILAH,M-035,50,closed
TANGER-ASilah-0036,TANGER-ASILAH,M-036,50,closed
TANGER-ASilah-0037,TANGER-ASILAH,M-037,50,closed
TANGER-ASilah-0038,TANGER-ASILAH,M-038,50,closed
TANGER-ASilah-0039,TANGER-ASILAH,M-039,50,closed
TANGER-ASilah-0040,TANGER-ASILAH,M-040,50,closed
TANGER-ASilah-0041,TANGER-ASILAH,M-041,50,closed
TANGER-ASilah-0042,TANGER-ASILAH,M-042,50,closed
TANGER-ASilah-0043,TANGER-ASILAH,M-043,50,closed
TANGER-ASilah-0044,TANGER-ASILAH,M-044,50,closed
TANGER-ASilah-0045,TANGER-ASILAH,M-045,50,closed
TANGER-ASilah-0046,TANGER-ASILAH,M-046,50,closed
TANGER-ASilah-0047,TANGER-ASILAH,M-047,50,closed
TANGER-ASilah-0048,TANGER-ASILAH,M-048,50,closed
TANGER-ASilah-0049,TANGER-ASILAH,M-049,50,closed
TANGER-ASilah-0050,TANGER-ASILAH,M-050,50,closed
TANGER-ASilah-0051,TANGER-ASILAH,M-051,50,closed
TANGER-ASilah-0052,TANGER-ASILAH,M-052,50,closed
TANGER-ASilah-0053,TANGER-ASILAH,M-053,50,closed
TANGER-ASilah-0054,TANGER-ASILAH,M-054,50,closed
TANGER-ASilah-0055,TANGER-ASILAH,M-055,50,closed
TANGER-ASilah-0056,TANGER-ASILAH,M-056,50,closed
TANGER-ASilah-0057,TANGER-ASILAH,M-057,50,closed
TANGER-ASilah-0058,TANGER-ASILAH,M-058,50,closed
TANGER-ASilah-0059,TANGER-ASILAH,M-059,50,closed
TANGER-ASilah-0060,TANGER-ASILAH,M-060,50,closed
TANGER-ASilah-0061,TANGER-ASILAH,M-061,50,closed
TANGER-ASilah-0062,TANGER-ASILAH,M-062,50,closed
TANGER-ASilah-0063,TANGER-ASILAH,M-063,50,closed
TANGER-ASilah-0064,TANGER-ASILAH,M-064,50,closed
TANGER-ASilah-0065,TANGER-ASILAH,M-065,50,closed
TANGER-ASilah-0066,TANGER-ASILAH,M-066,50,closed
TANGER-ASilah-0067,TANGER-ASILAH,M-067,50,closed
TANGER-ASilah-0068,TANGER-ASILAH,M-068,50,closed
TANGER-ASilah-0069,TANGER-ASILAH,M-069,50,closed
TANGER-ASilah-0070,TANGER-ASILAH,M-070,50,closed
TANGER-ASilah-0071,TANGER-ASILAH,M-071,50,closed
TANGER-ASilah-0072,TANGER-ASILAH,M-072,50,closed
TANGER-ASilah-0073,TANGER-ASILAH,M-073,50,closed
TANGER-ASilah-0074,TANGER-ASILAH,M-074,50,closed
TANGER-ASilah-0075,TANGER-ASILAH,M-075,50,closed
TANGER-ASilah-0076,TANGER-ASILAH,M-076,50,closed
TANGER-ASilah-0077,TANGER-ASILAH,M-077,50,closed
TANGER-ASilah-0078,TANGER-ASILAH,M-078,50,closed
TANGER-ASilah-0079,TANGER-ASILAH,M-079,50,closed
TANGER-ASilah-0080,TANGER-ASILAH,M-080,50,closed
TANGER-ASilah-0081,TANGER-ASILAH,M-081,50,closed
TANGER-ASilah-0082,TANGER-ASILAH,M-082,50,closed
TANGER-ASilah-0083,TANGER-ASILAH,M-083,50,closed
TANGER-ASilah-0084,TANGER-ASILAH,M-084,50,closed
TANGER-ASilah-0085,TANGER-ASILAH,M-085,50,closed
TANGER-ASilah-0086,TANGER-ASILAH,M-086,50,closed
TANGER-ASilah-0087,TANGER-ASILAH,M-087,50,closed
TANGER-ASilah-0088,TANGER-ASILAH,M-088,50,closed
TANGER-ASilah-0089,TANGER-ASILAH,M-089,50,closed
TANGER-ASilah-0090,TANGER-ASILAH,M-090,50,closed
TANGER-ASilah-0091,TANGER-ASILAH,M-091,50,closed
TANGER-ASilah-0092,TANGER-ASILAH,M-092,50,closed
TANGER-ASilah-0093,TANGER-ASILAH,M-093,50,closed
TANGER-ASilah-0094,TANGER-ASILAH,M-094,50,closed
TANGER-ASilah-0095,TANGER-ASILAH,M-095,50,closed
TANGER-ASilah-0096,TANGER-ASILAH,M-096,50,closed
TANGER-ASilah-0097,TANGER-ASILAH,M-097,50,closed
TANGER-ASilah-0098,TANGER-ASILAH,M-098,50,closed
TANGER-ASilah-0099,TANGER-ASILAH,M-099,50,closed
TANGER-ASilah-0100,TANGER-ASILAH,M-100,50,closed
TANGER-ASilah-0101,TANGER-ASILAH,M-101,50,closed
TANGER-ASilah-0102,TANGER-ASILAH,M-102,50,closed
TANGER-ASilah-0103,TANGER-ASILAH,M-103,50,closed
TANGER-ASilah-0104,TANGER-ASILAH,M-104,50,closed
TANGER-ASilah-0105,TANGER-ASILAH,M-105,50,closed
TANGER-ASilah-0106,TANGER-ASILAH,M-106,50,closed
TANGER-ASilah-0107,TANGER-ASILAH,M-107,50,closed
TANGER-ASilah-0108,TANGER-ASILAH,M-108,50,closed
TANGER-ASilah-0109,TANGER-ASILAH,M-109,50,closed
TANGER-ASilah-0110,TANGER-ASILAH,M-110,50,closed
TANGER-ASilah-0111,TANGER-ASILAH,M-111,50,closed
TANGER-ASilah-0112,TANGER-ASILAH,M-112,50,closed
TANGER-ASilah-0113,TANGER-ASILAH,M-113,50,closed
TANGER-ASilah-0114,TANGER-ASILAH,M-114,50,closed
TANGER-ASilah-0115,TANGER-ASILAH,M-115,50,closed
TANGER-ASilah-0116,TANGER-ASILAH,M-116,50,closed
TANGER-ASilah-0117,TANGER-ASILAH,M-117,50,closed
TANGER-ASilah-0118,TANGER-ASILAH,M-118,50,closed
TANGER-ASilah-0119,TANGER-ASILAH,M-119,50,closed
TANGER-ASilah-0120,TANGER-ASILAH,M-120,50,closed
TANGER-ASilah-0121,TANGER-ASILAH,M-121,50,closed
TANGER-ASilah-0122,TANGER-ASILAH,M-122,50,closed
TANGER-ASilah-0123,TANGER-ASILAH,M-123,50,closed
TANGER-ASilah-0124,TANGER-ASILAH,M-124,50,closed
TANGER-ASilah-0125,TANGER-ASILAH,M-125,50,closed
TANGER-ASilah-0126,TANGER-ASILAH,M-126,50,closed
TANGER-ASilah-0127,TANGER-ASILAH,M-127,50,closed
TANGER-ASilah-0128,TANGER-ASILAH,M-128,50,closed
TANGER-ASilah-0129,TANGER-ASILAH,M-129,50,closed
TANGER-ASilah-0130,TANGER-ASILAH,M-130,50,closed
TANGER-ASilah-0131,TANGER-ASILAH,M-131,50,closed
TANGER-ASilah-0132,TANGER-ASILAH,M-132,50,closed
TANGER-ASilah-0133,TANGER-ASILAH,M-133,50,closed
TANGER-ASilah-0134,TANGER-ASILAH,M-134,50,closed
TANGER-ASilah-0135,TANGER-ASILAH,M-135,50,closed
TANGER-ASilah-0136,TANGER-ASILAH,M-136,50,closed
TANGER-ASilah-0137,TANGER-ASILAH,M-137,50,closed
TANGER-ASilah-0138,TANGER-ASILAH,M-138,50,closed
TANGER-ASilah-0139,TANGER-ASILAH,M-139,50,closed
TANGER-ASilah-0140,TANGER-ASILAH,M-140,50,closed
TANGER-ASilah-0141,TANGER-ASILAH,M-141,50,closed
TANGER-ASilah-0142,TANGER-ASILAH,M-142,50,closed
TANGER-ASilah-0143,TANGER-ASILAH,M-143,50,closed
TANGER-ASilah-0144,TANGER-ASILAH,M-144,50,closed
TANGER-ASilah-0145,TANGER-ASILAH,M-145,50,closed
TANGER-ASilah-0146,TANGER-ASILAH,M-146,50,closed
TANGER-ASilah-0147,TANGER-ASILAH,M-147,50,closed
TANGER-ASilah-0148,TANGER-ASILAH,M-148,50,closed
TANGER-ASilah-0149,TANGER-ASILAH,M-149,50,closed
TANGER-ASilah-0150,TANGER-ASILAH,M-150,50,closed
TANGER-ASilah-0151,TANGER-ASILAH,M-151,50,closed
TANGER-ASilah-0152,TANGER-ASILAH,M-152,50,closed
TANGER-ASilah-0153,TANGER-ASILAH,M-153,50,closed
TANGER-ASilah-0154,TANGER-ASILAH,M-154,50,closed
TANGER-ASilah-0155,TANGER-ASILAH,M-155,50,closed
TANGER-ASilah-0156,TANGER-ASILAH,M-156,50,closed
TANGER-ASilah-0157,TANGER-ASILAH,M-157,50,closed
TANGER-ASilah-0158,TANGER-ASILAH,M-158,50,closed
TANGER-ASilah-0159,TANGER-ASILAH,M-159,50,closed
TANGER-ASilah-0160,TANGER-ASILAH,M-160,50,closed
TANGER-ASilah-0161,TANGER-ASILAH,M-161,50,closed
TANGER-ASilah-0162,TANGER-ASILAH,M-162,50,closed
TANGER-ASilah-0163,TANGER-ASILAH,M-163,50,closed
TANGER-ASilah-0164,TANGER-ASILAH,M-164,50,closed
TANGER-ASilah-0165,TANGER-ASILAH,M-165,50,closed
TANGER-ASilah-0166,TANGER-ASILAH,M-166,50,closed
TANGER-ASilah-0167,TANGER-ASILAH,M-167,50,closed
TANGER-ASilah-0168,TANGER-ASILAH,M-168,50,closed
TANGER-ASilah-0169,TANGER-ASILAH,M-169,50,closed
TANGER-ASilah-0170,TANGER-ASILAH,M-170,50,closed
TANGER-ASilah-0171,TANGER-ASILAH,M-171,50,closed
TANGER-ASilah-0172,TANGER-ASILAH,M-172,50,closed
TANGER-ASilah-0173,TANGER-ASILAH,M-173,50,closed
TANGER-ASilah-0174,TANGER-ASILAH,M-174,50,closed
TANGER-ASilah-0175,TANGER-ASILAH,M-175,50,closed
TANGER-ASilah-0176,TANGER-ASILAH,M-176,50,closed
TANGER-ASilah-0177,TANGER-ASILAH,M-177,50,closed
TANGER-ASilah-0178,TANGER-ASILAH,M-178,50,closed
TANGER-ASilah-0179,TANGER-ASILAH,M-179,50,closed
TANGER-ASilah-0180,TANGER-ASILAH,M-180,50,closed
TANGER-ASilah-0181,TANGER-ASILAH,M-181,50,closed
TANGER-ASilah-0182,TANGER-ASILAH,M-182,50,closed
TANGER-ASilah-0183,TANGER-ASILAH,M-183,50,closed
TANGER-ASilah-0184,TANGER-ASILAH,M-184,50,closed
TANGER-ASilah-0185,TANGER-ASILAH,M-185,50,closed
TANGER-ASilah-0186,TANGER-ASILAH,M-186,50,closed
TANGER-ASilah-0187,TANGER-ASILAH,M-187,50,closed
TANGER-ASilah-0188,TANGER-ASILAH,M-188,50,closed
TANGER-ASilah-0189,TANGER-ASILAH,M-189,50,closed
TANGER-ASilah-0190,TANGER-ASILAH,M-190,50,closed
TANGER-ASilah-0191,TANGER-ASILAH,M-191,50,closed
TANGER-ASilah-0192,TANGER-ASILAH,M-192,50,closed
TANGER-ASilah-0193,TANGER-ASILAH,M-193,50,closed
TANGER-ASilah-0194,TANGER-ASILAH,M-194,50,closed
TANGER-ASilah-0195,TANGER-ASILAH,M-195,50,closed
TANGER-ASilah-0196,TANGER-ASILAH,M-196,50,closed
TANGER-ASilah-0197,TANGER-ASILAH,M-197,50,closed
TANGER-ASilah-0198,TANGER-ASILAH,M-198,50,closed
TANGER-ASilah-0199,TANGER-ASILAH,M-199,50,closed
TANGER-ASilah-0200,TANGER-ASILAH,M-200,50,closed
